:020000040800F2
:10000000283300209D010008AD430008FD39000899
:10001000A943000841120008F14F00080000000049
:1000200000000000000000000000000005010008C2
:10003000451200080000000049010008E7480008D8
:10004000B7010008B7010008B7010008B7010008B0
:10005000B7010008B7010008B7010008B7010008A0
:10006000B7010008B7010008B7010008B701000890
:10007000B7010008B7010008B7010008B701000880
:10008000B7010008B7010008B7010008B701000870
:10009000B7010008B7010008B7010008B701000860
:1000A000B701000865490008B7010008B70100085A
:1000B000B7010008B7010008B7010008B701000840
:1000C000B7010008B7010008B7010008B701000830
:1000D000B7010008D14F0008E14F0008B701000840
:1000E000B7010008B7010008B7010008DFF810D019
:1000F00000F078FD004800475D680008AFF300801D
:1001000028330020224B19680868B0E8F00F80F30C
:100110000988BFF36F8F4FF0000080F311884EF015
:100120000D0E70470000000006480068006880F36C
:10013000088862B661B6BFF34F8FBFF36F8F00DFE1
:1001400000BF00BF08ED00E0EFF30980BFF36F8F41
:100150000F4B1A6820E9F00F106008B54FF05000FF
:1001600080F31188BFF34F8FBFF36F8F08F0C8FB88
:100170004FF0000080F31188BDE808401968086856
:10018000B0E8F00F80F30988BFF36F8F704700BFAE
:1001900014000020EFF305807047000006488047F8
:1001A00006480047FEE7FEE7FEE7FEE7FEE7FEE75C
:1001B000FEE7FEE7FEE7FEE763490008ED00000802
:1001C0002DE9F05F0546002092469B46884606468C
:1001D000814640241BE0284641464746224600F01F
:1001E00020F853465A46C01A914110D3114618467A
:1001F000224600F0BFFB2D1A67EB01084F4622464E
:100200000120002100F0B6FB17EB00094E41201E33
:10021000A4F10104DFDC484631462A464346BDE8E6
:10022000F09F202A04DB203A21FA02F000217047D7
:1002300021FA02F3D040C2F120029140084319464E
:10024000704740EA01039B0703D009E008C9121F69
:1002500008C0042AFAD203E011F8013B00F8013B80
:10026000521EF9D27047D2B201E000F8012B491EAC
:10027000FBD270470022F6E710B513460A46044643
:100280001946FFF7F0FF204610BD10B5002200E030
:10029000521C835C8C5CA34201D1002BF8D1D8B2F4
:1002A000E1B2401A10BD000070B500B91068002519
:1002B00012E00B4602E0A64203D05B1C1C78002C27
:1002C000F9D1E3B22B4305D02CB125B1002100F8C0
:1002D000011B04E00546401C0678002EE9D11060A1
:1002E000284670BD004ADFE7A40100202DE9F04751
:1002F00091460F4680460446002614F8015B2DB156
:1003000000F05AFB0068405DC007F6D12B2D02D0EB
:100310002D2D18D0641E4A463946204600F059FB60
:1003200027B13968A14201D1C7F8008071054FF0AB
:1003300002040BD54042002803DD04F09BFE04605C
:10034000A007BDE8F08746F48066E4E70028F8DA05
:1003500004F090FE04606FF00040F2E7F0B480EA31
:100360000102D40F4200B2EB410F02D2024608460E
:1003700011464A0042D0C30DDDB2C1F3C752AD1AD7
:10038000202D35DAC1F3160141F4000204B15242C6
:10039000C5F1200602FA06F12A411044B3EBD05F02
:1003A00023D0C4B1012DA0EBC35009DCF0BC4FF049
:1003B000004202EAC352DBB200F5000000F06EBB5F
:1003C000400000F1807000EBC350A0F1807040EA63
:1003D000D170490009E0490841EAC071A0EBC3505F
:1003E00000F50000400800EBC350F0BC00F04DBB2E
:1003F0006142012202EB4101001BF6E7F0BC7047AD
:1004000081F00041AAE780F00040A7E780EA0102FE
:1004100010B502F00043400022D04A001FD0010E68
:1004200001EB1261C0F35600C2F3560240F4000023
:1004300042F40002A0FB022000047F39140400D023
:10044000401C50EA124001D44000491EC2B20C06C2
:1004500004EBD010401C4008802A02D003E00020AA
:1004600010BD20F00100002900DA0020184310BD63
:1004700030B480EA010202F0004530F0004221F081
:10048000004013D090B1C30DD40DC2F31601C0F3D8
:100490001600E41A41F4000140F400027D34914258
:1004A00001D3641C00E04900002C02DA30BC0020BB
:1004B00070474FF400000023914201D3891A03438F
:1004C00040084FEA4101F7D151B1914202D14FF0BA
:1004D000004105E002D24FF0010101E06FF001019F
:1004E00003EBC450284430BC00F0CFBA2DE9FE4FD6
:1004F000804681EA0300C00F0C46009021F00041C5
:1005000023F00045B8EB0200A94105D24046214640
:1005100090461C460B46024623F00040104347D04D
:10052000270DC7F30A00C3F30A510290401A019045
:1005300040286BDAC3F3130040F4801B0098924606
:1005400020B10023D2EB030A63EB0B0B0198594651
:10055000C0F14002504600F00DFA06460D465046E6
:100560005946019A00F015FA10EB08006141002489
:1005700087EA115284EAE7731A4340D0009A62B3C3
:10058000019A012A4FEA075215DC001B61EB0201B8
:100590004FF0004202EA0752CDE90042001C41F54B
:1005A000801132462B4600F0B6FA03B0BDE8F08F5A
:1005B00040462146F9E7001B61EB0201001C41F5B2
:1005C000801300185B412018A2F5001747EB0301C8
:1005D00040EAD570B6196D4111E06D084FEA360654
:1005E00045EAC0754FEA0752001B61EB0201001C8F
:1005F00041F5801149084FEA300000195141324657
:100600002B4603B0BDE8F04F00F076BA0098012207
:1006100040000023D0EB020263EBE0730098214618
:100620004FEAE074B8EB000061EB0401E9E783F006
:1006300000435BE781F0004158E72DE9FE4F81EA76
:10064000030404F0004421F0004100944FF0000B3B
:1006500023F0004350EA01045ED052EA03045BD069
:10066000C3F30A54C1F30A552C44A4F2F3340194A1
:10067000A0FB0254C1F3130141F48011C3F313032F
:1006800043F4801301FB024400FB034E840A970AE3
:1006900044EA815447EA8357A4FB076802958D0A10
:1006A00005FB07854FEA932C04FB0C542705029D9C
:1006B0004FEA065847EA1637B5EB08056EEB070C0C
:1006C000870E920E47EA811742EA8312A7FB0201C6
:1006D000B6EB0B0164EB00042B0D43EA0C335E1800
:1006E00044EB1C50DA465146E7FB0201C5F3130404
:1006F0004FEA0B3343EA14534FEA0432019C43EAB6
:100700000603A4F10C040294009CCDE900B400F0AF
:1007100002FA03B0BDE8F08F00200146F9E72DE9A9
:10072000F04D81EA030404F0004B21F0004514462B
:100730004FF0000A23F0004150EA050220D054EAAD
:1007400001021DD0C5F30A570246C5F31303C1F3D6
:100750001300C1F30A5640F4801543F48013A7EB4D
:100760000608101BD64608F2FD3873EB050002D3CD
:1007700008F1010801E092185B41B8F1000F03DABB
:1007800000200146BDE8F08D00204FF480110646A0
:1007900084460EE0171B73EB050705D3121B63EBB2
:1007A000050306434CEA010C49084FEA3000921851
:1007B0005B4150EA0107EDD152EA030012D082EA10
:1007C000040083EA0501084305D0101BAB4106D2A3
:1007D0000122002306E000224FF0004302E06FF008
:1007E000010253101AEB06004CEB085110EB0A0003
:1007F00041EB0B01BDE8F04D00F07EB9C10F80EA7E
:10080000E0700844CA079623002100F047B90EB5EE
:10081000C10F80EAE0700844CA07002140F2334368
:100820008DE80E000A460B4600F075F903B000BDD6
:1008300000F0004220F00040C10DC0F3160040F46B
:1008400000007F2901DA00207047962903DCC1F1FE
:100850009601C84001E096398840002AF4D0404211
:100860007047C1F30A52C1F3130140F2FF3341F460
:1008700080119A4202DA00200146704740F2334369
:100880009A42A2F2334202DC5242FFF7CABC00F0A5
:1008900071B800F0004230F000400AD0C10D01F5FF
:1008A0006071C0F3160042EA0151C20840071143CB
:1008B000704700200146704730B5041E71F10004F6
:1008C00004DB4FF00044404264EB0101141E73F15D
:1008D000000405DB1C464FF00043524263EB040367
:1008E0008B4208BF824230BD01F0004330B421F09A
:1008F000004150EA010206D00A0DA2F56072C1F370
:100900001301002A02DC30BC00207047440F44EA87
:10091000C104C100E01830BC00EBC25000F0B5B813
:10092000002801DBC0F10040002901DBC1F10041DA
:1009300081427047002801DBC0F10040002901DB43
:10094000C1F100418842704730B50B460146002096
:100950002022012409E021FA02F59D4205D303FA81
:1009600002F5491B04FA02F52844151EA2F1010202
:10097000F1DC30BD202A04DB203A00FA02F100202D
:1009800070479140C2F1200320FA03F319439040CD
:100990007047202A06DBCB17203A41FA02F043EADF
:1009A000E07306E041FA02F3D040C2F12002914028
:1009B00008431946704700000048704724A3000808
:1009C00010B50446FFF7F8FF0068005D00F0010075
:1009D00010BD2DE9F05F82460078002715468B4652
:1009E0000AF10104B946302801D09DB113E014F892
:1009F000010B0127782803D0582801D045B10AE01F
:100A00000DB1102D07D10027102514F8010B02E0BD
:100A1000082500E00A250026B0460EE005FB080088
:100A200005FB06F1012701EB10461FFA80F8B6F529
:100A3000803F00D3B94614F8010B294600F0E4F8D2
:100A40000028EBDABBF1000F05D00FB1641E00E007
:100A50005446CBF80040B9F1000F06D004F00AFB71
:100A600002210160C81EBDE8F09F48EA0640FAE78F
:100A70007CB50023CDE900330546684600F0EDF86B
:100A80006946284604F060FB7CBD0029A8BF70477A
:100A9000401C490008BF20F00100704710B4B0FAB4
:100AA00080FC00FA0CF050EA010404BF10BC70474F
:100AB00049B1CCF1200421FA04F411FA0CF118BF69
:100AC000012121430843A3EB0C01CB1D4FEA006138
:100AD0004FEA102042BF002010BC704700EBC3500B
:100AE00010440029A4BF10BC7047401C490008BF37
:100AF00020F0010010BC704710B5141E73F1000403
:100B000008DA401C41F1000192185B411A4301D1FF
:100B100020F0010010BD2DE9F04D92469B4611B129
:100B2000B1FA81F202E0B0FA80F220329046FFF78B
:100B300021FF04460F4640EA0A0041EA0B015346F2
:100B40005A46084313D0114653EA010019D0C8F1A0
:100B500040025046FFF765FB05460E465046594693
:100B60004246FFF707FF084305D0012004E0204676
:100B70003946BDE8F08D0020054346EAE0762C4377
:100B800037430A986305E40AA0EB08000022FD0A37
:100B900044EA47540A3002D500200146E9E701053E
:100BA00010196941DDE9084500196941BDE8F04DBA
:100BB000A2E7000030B5041E71F1000404DB4FF021
:100BC0000044404264EB0101141E73F1000405DB94
:100BD0001C464FF00043524263EB0403994208BFA6
:100BE000904230BD064C074D06E0E06840F001033E
:100BF00094E8070098471034AC42F6D3FFF77AFA2E
:100C000034A3000854A300083A2800D2303820F05A
:100C10002002412A01D3A2F13700884201D34FF0CC
:100C2000FF3070470FB4002300B589B00CA90091C4
:100C30000B996FF00042CB601E4B06931E4B07933F
:100C40000423CDE901321D4A089202466B4600207A
:100C500000F0E2F809B05DF814FB70B586B0064606
:100C60004FF0FF300091CDE90101002015460C4600
:100C700004903246694604A8FFF7D4FF0246049860
:100C8000211825B108B1084600E0204628600498E4
:100C900000280DD0002A02DD0098884208D0081BE9
:100CA0000094CDE901043246694604A8FFF7BAFF73
:100CB00006B070BD511000086F100008C10900088F
:100CC00070B521F0004303430CD0C1F30A55002452
:100CD000D5EB040564EB0403D617AD1AB34102DB70
:100CE0000020014670BD201841EB025170BD00008C
:100CF0002DE9FF4F087883B09946FF2805D0491C9D
:100D00002D2804D00024002008E000200BE001245E
:100D1000F9E700EB800003EB4000491C0B78FF2B48
:100D2000F7D104B1404200230293147819461D46BE
:100D30002D2C01D02B2C04D1521C2D2C13D000248F
:100D40000294AA461478FF2C0FD00A25A3FB05783D
:100D500001FB05814FF0000C03FB0C11521CE31941
:100D60004AEB0101EEE70124EAE7814453EA01007E
:100D700002D019F5C87F06DA03980021C0E90011F6
:100D800007B0BDE8F08F0025AE4E2F46DFF8B882E1
:100D9000184600F07FF9CDE90001B9F1000002DA50
:100DA000C9F1000400E004460023A74A1AEB030B34
:100DB00042EB045A12E0E00707D02A463346384691
:100DC0004146FFF73AFC074688462A463346104616
:100DD0001946FFF732FC05460E466410002CEAD196
:100DE000DDE90001B9F1000F5A46534606DAFFF774
:100DF00096FC3A464346FFF792FC05E0FFF71DFCE0
:100E00003A464346FFF719FC029A0AB181F00041C5
:100E1000039AC2E90001B3E72DE9FF4F1F468DB0E9
:100E2000D7E901464FF0FF382E2045464FF0000924
:100E30000B90B9696D1C0E988847396A82468847BD
:100E40000028F6D1BAF1FF3F0AD024F4D064002E76
:100E500011DDBAF12B0F08D0BAF12D0F0BD102E042
:100E6000404611B08DE744F48064B9696D1C0E985A
:100E700088478246761E6946600501D52D2000E030
:100E80002B208DF8000001F1010B0DF1200809E085
:100E9000B9696D1C0E98884782460F9844F4007417
:100EA000761E0560002E02DDBAF1300FF0D00B99EE
:100EB0008A453ED144F0800406E00F99681CA9F1F0
:100EC000010944F400740860B9696D1C761E0E981F
:100ED000884782463028F0D02BE00B998A4505D10F
:100EE000200603D444F08004761E18E0504604F037
:100EF00069FA08B30DF11301761E44F400748B45B2
:100F000008D2AAF130000BF8010B200607D5A9F191
:100F1000010003E0200602D409F101008146A0058A
:100F200002D50F99681C0860B9696D1C0E98884736
:100F30008246002ED1DC53E0002E51DDBAF1650F60
:100F400002D0BAF1450F4BD1A00549D5B9696D1C46
:100F500024F44074761E0E9888478246002E0CDDDD
:100F60002B2804D0BAF12D0F07D144F48074B9694D
:100F70006D1C0E9888478246761EE00501D52D210E
:100F800000E02B2108F8011BCDF82C8021E00DF1A9
:100F90002901761E44F4007488450CD2AAF1300071
:100FA00010F0FF0088F8000002D10B99884509D99C
:100FB00008F1010806E0E00501D5244801E042F20D
:100FC0000F708146B9696D1C0E98884782460F984C
:100FD0000560002E04DD504604F0F4F90028D6D157
:100FE000F9690E988847FF208BF8000088F8000008
:100FF0000020069007904B466A4608A906A8FFF70E
:1010000077FEA00502D46FF001002AE714F0240F48
:101010000AD0E00714D1DDE906123868031D3B60F1
:101020000068C0E900120BE0DDE90601FFF75CFC97
:101030000146E00704D13868021D3A60006801608B
:1010400028460EE7000014400000F03FF1D8FFFFF3
:10105000426842B1016811F8013B23B1521EC0E958
:101060000012184670470121C160881E704742680F
:101070005AB1C368016843B983688B4205D0491EE1
:10108000521CC0E90012002070474FF0FF3070473B
:10109000002070470EB540F2334202920022CDE9A3
:1010A00000221346FFF737FD03B000BD70B58C1862
:1010B00010F8015B15F0070301D110F8013B2A116C
:1010C00006D110F8012B03E010F8016B01F8016B59
:1010D0005B1EF9D12B0705D40023521E0DD401F855
:1010E000013BFAE710F8013BCB1A921C03E013F81E
:1010F000015B01F8015B521EF9D5A142D8D3002053
:1011000070BD00001CB503F0D9F905F085F804F0B6
:1011100097FF05F0BFFB04F0E9FF04F0CFFF0020CC
:10112000012103460822CDE9001025A1274808F037
:1011300047F904460020022103468022CDE9001031
:1011400023A1264808F03CF9044600200521034667
:101150004FF48072CDE9001021A1254808F030F944
:1011600004460020022103468022CDE9001021A17F
:10117000254808F025F904460020032103464FF4D2
:101180008072CDE9001021A1234808F019F9044626
:101190000020042103468A01CDE900101FA1234845
:1011A00008F00EF904460020012103468022CDE913
:1011B00000101FA1214808F003F904461CBD0000DF
:1011C0007461736B5F6C656400000000BD81000892
:1011D0006B65795F7461736B0000000051800008DB
:1011E0007461736B5F636F6E74726F6C00000000EC
:1011F000697A00087461736B5F6D6964646C65770C
:101200006172655F626C6500D98100087461736BFF
:101210005F626C6500000000017800087461736B08
:101220005F6E726632346C30310000000582000857
:101230007461736B5F6F6C656400000075820008F9
:1012400000BFFEE7704772B600BFFEE7014600220E
:1012500091F82100022808D00420886300BF0020F4
:1012600081F8200000BF012070470868006820F066
:101270000E000B6818600868006820F001000B6819
:10128000186091F8403001209840CB6B58600120E5
:1012900081F8210000BF002081F8200000BF104627
:1012A000E2E7000070B50446002594F8210002280A
:1012B00003D00420A063012548E02068006820F0E6
:1012C0000E00216808602068006820F00100216895
:1012D00008601F492068884201D1012026E01C498E
:1012E00014312068884201D110201FE018492831AC
:1012F0002068884201D1801518E015493C312068EA
:10130000884201D1801411E011495031206888428F
:1013100002D14FF4803009E00D49643120688842E1
:1013200002D14FF4801001E04FF080700849083975
:101330004860012084F8210000BF002084F82000CC
:1013400000BF606B10B12046616B8847284670BDB6
:101350000800024070B5044600F0B8F9064625467C
:10136000681C10B104480078054400BF00F0AEF9D5
:10137000801BA842FAD370BD0C0000202DE9F8476D
:101380000346002294466EE14FF0010808FA02F489
:10139000D1F8008008EA0400A0427DD1DFF8DCA289
:1013A000D1F80480A8EB0A09D0453AD014DCB8F192
:1013B000030F50D009DCB8F1000F31D0B8F1010FA4
:1013C0001CD0B8F1020F49D120E0B8F1110F18D0AC
:1013D000B8F1120F42D11EE0B9F5881F25D006DC06
:1013E000B9F5803F20D0B9F5801F37D11AE0B9F5A3
:1013F000001F18D0B9F5041F30D117E0D1F80CC088
:101400002DE0D1F80C8008F1040C28E0D1F80C8014
:1014100008F1080C23E0D1F80C8008F10C0C1EE058
:1014200000BF00BF00BF00BF00BF00BFD1F80880F1
:10143000B8F1000F02D14FF0040C0BE0D1F8088096
:10144000B8F1010F03D14FF0080C1C6102E04FF01E
:10145000080C5C6103E04FF0000C00E000BF00BF2F
:10146000FF2801D8984601E003F104084646FF280A
:1014700002D84FEA820803E0A2F108084FEA880880
:101480004746D6F800804FF00F0909FA07F928EA15
:1014900009080CFA07F900E088E048EA0908C6F8EC
:1014A0000080D1F8048008F08058B8F1805F7DD1C9
:1014B00000BFDFF8CC81D8F8188048F00108DFF8C9
:1014C000C091C9F81880C846D8F8188008F00108FB
:1014D000CDF8008000BF00BF4FEAB9384FEA92094B
:1014E00058F829504FEA82784FEA18794FF00F08E0
:1014F00008FA09F825EA0805DFF88881434502D192
:101500004FF0000816E0DFF88081434502D14FF02C
:1015100001080FE0DFF87481434502D14FF0020863
:1015200008E0DFF86C81434502D14FF0030801E089
:101530004FF004084FEA82794FEA197908FA09F85E
:1015400048EA0505DFF84C814FEA920948F829502E
:10155000D1F8048008F48018B8F5801F0AD1DFF8AC
:101560003881D8F8008048EA0008DFF82C91C9F8E3
:10157000008009E0DFF82081D8F8008028EA000820
:10158000DFF81491C9F80080D1F8048008F400183D
:10159000B8F5001F10D1DFF8008108F10408D8F871
:1015A000008048EA0008DFF8F09000E05AE009F116
:1015B0000409C9F800800DE0DFF8DC8008F10408B8
:1015C000D8F8008028EA0008DFF8CC9009F1040977
:1015D000C9F80080D1F8048008F40038B8F5003F5D
:1015E0000ED1DFF8B480A8F10408D8F8008048EAEA
:1015F0000008DFF8A490A9F10409C9F800800DE003
:10160000DFF89480A8F10408D8F8008028EA0008E0
:10161000DFF88490A9F10409C9F80080D1F80480AA
:1016200008F48038B8F5803F0ED1DFF86C80A8F15F
:101630000808D8F8008048EA0008DFF85C90A9F1B3
:101640000809C9F800800DE0DFF84C80A8F108080F
:10165000D8F8008028EA0008DFF83C90A9F10809D2
:10166000C9F80080521CD1F8008028FA02F8B8F1BD
:10167000000F7FF489AEBDE8F8870000000011106C
:101680000010024000080140000C01400010014021
:10169000001401400800014008040140024693681C
:1016A0000B400BB1012000E00020704710B5C2686C
:1016B00021EA020302EA010443EA0443036110BD84
:1016C0000AB1016101E00B04036170470148006841
:1016D000704700000400002070B504460CB90120DA
:1016E00070BD94F83D0028B9002084F83C002046E5
:1016F00000F046FB242084F83D002068006820F0BC
:101700000100216808602068006840F400402168FA
:1017100008602068006820F400402168086000F03C
:101720005BFD05465C496068884206D85B48854297
:1017300001D2012007E0002005E05948854201D28E
:10174000012000E00020012800D1C9E75548B5FB81
:10175000F0F62068406820F03F0030432168486080
:101760004D496068884201D8701C07E04FF49670BC
:1017700070434FF47A71B0FBF1F0401C2168096AA4
:1017800021F03F01084321680862434960688842AC
:1017900014D8681E61684900B0FBF1F0401CC0F32A
:1017A0000B00042801D204203DE0681E6168490056
:1017B000B0FBF1F0401CC0F30B0034E0A06838B976
:1017C000681E616801EB4101B0FBF1F0401C0AE0CA
:1017D000681E616801EBC10202EB0111B0FBF1F080
:1017E000401C40F48040C0F30B0008B901201AE00F
:1017F000A06848B9681E616801EB4101B0FBF1F0D7
:10180000401CC0F30B000CE0681E616801EBC102D4
:1018100002EB0111B0FBF1F0401CC0F30B0040F4EF
:10182000804040F400402168C9694CF6FF72914342
:1018300008432168C861D4E90701084321680968A1
:1018400021F0C001084321680860D4E9031008436F
:101850002168896848F2FF32914308432168886013
:10186000D4E9050108432168C96821F0FF01084354
:101870002168C8602068006840F0010021680860A5
:1018800000202064202084F83D000020206384F89C
:101890003E0000BF24E70000A086010080841E00F7
:1018A00000093D0040420F002DE9FE4F04460F465F
:1018B00090469946DDE90CAB0E9E00200290FFF7A2
:1018C00005FF054694F83D00202872D11923012216
:1018D000CE492046009502F006FA10B10220BDE87C
:1018E000FE8F00BF94F83C00012801D10220F6E7EA
:1018F000012084F83C0000BF2068006800F001006F
:1019000028B92068006840F001002168086020685C
:10191000006820F4006021680860222084F83D00FF
:10192000402084F83E0000202064C4F824A0A4F8DD
:101930002AB0608D2085B648E0624B464246394663
:101940002046CDE9006502F07BF808B10120C6E72A
:10195000208D88B900BF0020019020684069019067
:1019600020688069019000BF00BF2068006840F4D3
:101970000070216808604BE0208D01281AD1206892
:10198000006820F480602168086072B600BF002003
:10199000019020684069019020688069019000BF33
:1019A00000BF2068006840F400702168086062B6DB
:1019B0002EE029E1208D022819D12068006840F42A
:1019C00000602168086072B600BF002001902068A6
:1019D0004069019020688069019000BF00BF2068C5
:1019E000006820F480602168086062B610E020681A
:1019F000006840F480602168086000BF002001900A
:101A000020684069019020688069019000BF00BF94
:101A1000EBE0208D03287DD8208D012815D12A46A2
:101A20003146204602F03BFA08B1012057E7206812
:101A30000069616A0870606A401C6062208D401E07
:101A40002085608D401E6085CFE0208D02282CD13E
:101A5000334600226F492046009502F044F908B150
:101A600001203CE772B62068006840F400702168ED
:101A7000086020680069616A0870606A401C6062E2
:101A8000208D401E2085608D401E608562B62068D6
:101A90000069616A0870606A401C6062208D401EA7
:101AA0002085608D401E60859FE0334600225949A5
:101AB0002046009502F017F908B101200FE72068D1
:101AC000006820F480602168086072B620680069B0
:101AD000616A0870606A401C6062208D401E20852B
:101AE000608D401E60854C4800681921B0FBF1F004
:101AF0004FF47A71B0FBF1F0C0EBC00000EB800056
:101B0000029000BF0298401E02900298A8B90020DF
:101B1000206300E039E0202084F83D00002084F8B4
:101B20003E00206C40F02000206462B600BF002020
:101B300084F83C0000BF0120D1E620684069C0F372
:101B400080000028DED02068006840F40070216822
:101B5000086020680069616A0870606A401C606201
:101B6000208D401E2085608D401E608562B62068F5
:101B70000069616A0870606A401C6062208D401EC6
:101B80002085608D401E60852FE02A463146204624
:101B900002F085F908B10120A1E620680069616AB8
:101BA0000870606A401C6062208D401E2085608D38
:101BB000401E608520684069C0F38000A8B1208D78
:101BC000032805D12068006820F48060216808603F
:101BD00020680069616A0870606A401C6062208D3C
:101BE000401E2085608D401E6085208D00287FF47A
:101BF00010AF202084F83D00002084F83E0000BF94
:101C000084F83C0000BF6AE6022068E6020010008B
:101C10000000FFFF04000100100000202DE9FC5F20
:101C200004460F4690469946DDE90CAB0E9EFFF741
:101C30004DFD054694F83D0020287DD11923012251
:101C40004D492046009502F04EF810B10220BDE843
:101C5000FC9F00BF94F83C00012801D10220F6E768
:101C6000012084F83C0000BF2068006800F00100FB
:101C700028B92068006840F00100216808602068E9
:101C8000006820F4006021680860212084F83D008D
:101C9000402084F83E0000202064C4F824A0A4F86A
:101CA0002AB0608D20853548E0624B464246394671
:101CB0002046CDE9006501F073FF08B10120C6E7B9
:101CC00031E02A463146204602F02EF950B1206C10
:101CD000042805D12068006840F40070216808607D
:101CE0000120B4E7606A007821680861606A401CDE
:101CF0006062208D401E2085608D401E60852068BA
:101D00004069C0F3800070B1208D60B1606A0078D6
:101D100021680861606A401C6062208D401E208539
:101D2000608D401E6085208D0028CAD12A4631462C
:101D3000204601F0A5FF00E01CE050B1206C042813
:101D400005D12068006840F4007021680860012017
:101D50007DE72068006840F400702168086020205A
:101D600084F83D00002084F83E0000BF84F83C0069
:101D700000BF6CE702206AE7020010000000FFFFCE
:101D800010B586B0044600200290039004900590A0
:101D900016492068884226D100BF1548806940F066
:101DA0000800134988610846806900F00800019026
:101DB00000BF00BF4FF44060029012200390032048
:101DC000059002A90B48FFF7D9FA00BF0848C0697F
:101DD00040F480000649C8610846C06900F48000EC
:101DE000019000BF00BF06B010BD000000580040C9
:101DF00000100240000C01400348006803490978C4
:101E00000844014908607047040000200C000020CD
:101E100010B50848006840F010000649086003202B
:101E200000F0D8F80F2000F007F800F055F8002077
:101E300010BD000000200240F0B587B00446002627
:101E40000027002500BF1F48806940F400601D493D
:101E500088610846806900F40060009000BF00BF00
:101E600001A902A800F090F900F0C6F9064616484C
:101E7000B6FBF0F0471E15481549086040F2E731FF
:101E80001348C1604760002101618160816100F0F9
:101E900043FE054695B90E4800F088FE05466DB92B
:101EA000192000F049F8102C07D2002221461920F1
:101EB00000F052F80748046000E00125284607B00A
:101EC000F0BD00000010024040420F00002C014015
:101ED000C40300200800002008B500BF1448806932
:101EE00040F00100124988610846806900F0010055
:101EF000009000BF00BF00BF0846C06940F080509E
:101F0000C8610846C06900F08050009000BF00BF63
:101F100000220F21901E00F01FF800BF05494868FD
:101F200020F0E06040F00070486000BF08BD000095
:101F3000001002400000014001460846002809DB6D
:101F400000F01F0301229A4043099B0003F1E023A4
:101F5000C3F8002100BF70472DE9F05F80460D46B1
:101F60001646002703F06AF8074639462A463346E4
:101F700001F00700C0F1070ABAF1040F02D94FF0CF
:101F8000040A01E0C0F1070AD14600F1040ABAF1DF
:101F9000070F02D24FF0000A01E0A0F1030AD44675
:101FA0004FF0010A0AFA09FAAAF1010A0AEA020A3A
:101FB0000AFA0CFA4FF0010B0BFA0CFBABF1010B18
:101FC0000BEA030B4AEA0B042146404603F03EF8B5
:101FD000BDE8F09F00BF00F00702064B19684FF6FE
:101FE000FF031940044B0B4343EA0221014B1960E4
:101FF00000BF70470CED00E00000FA0570B5044624
:102000000D460CB9012070BD5A48006800F0070069
:10201000A8420ED25748006820F0070028435549CF
:1020200008600846006800F00700A84201D00120BF
:10203000E9E7207800F0020002281DD1207800F0A6
:102040000400042805D14C48406840F4E0604A4947
:102050004860207800F00800082805D1464840680C
:1020600040F46050444948604348406820F0F00024
:10207000A168084340494860207800F0010078B327
:102080006068012806D13C48006800F4003090B92F
:102090000120B8E76068022806D13748006800F0E0
:1020A000007040B90120AEE73348006800F002003C
:1020B00008B90120A7E73048406820F003006168B4
:1020C00008432D494860FFF701FB064609E0FFF78A
:1020D000FDFA801B41F28831884202D9032092E741
:1020E00007E02548406800F00C006168B0EB810F04
:1020F000EDD12048006800F00700A8420ED91D4825
:10210000006820F0070028431A4908600846006864
:1021100000F00700A84201D0012074E7207800F009
:102120000400042807D11448406820F4E060E16806
:10213000084311494860207800F00800082808D1B9
:102140000D48406820F46050216940EAC1000A4906
:10215000486000F061F808494968C1F30311074A73
:10216000515CC8400649086006480068FFF764FEF5
:10217000002048E70020024000100240669A000854
:1021800010000020080000200F2202600D4A526853
:1021900002F0030242600B4A526802F0F0028260D1
:1021A000084A526802F4E062C260064A526802F4C9
:1021B0006052D2080261044A126802F007020A6003
:1021C00070470000001002400020024001480068F3
:1021D000704700001000002000B5FFF7F7FF04492A
:1021E0004968C1F30221034A515CC84000BD0000A8
:1021F00000100240769A000800B5FFF7E7FF044997
:102200004968C1F3C221034A515CC84000BD0000C7
:1022100000100240769A000870B5002100220024C8
:1022200000230020134D696801F00C05F5B1042D61
:1022300002D0082D19D101E00F4819E00F4DC1F36C
:102240008346AB5D01F4803555B10A4D6D68C5F329
:1022500040450B4E725D084D5D43B5FBF2F402E064
:10226000084D03FB05F4204602E000BF024800BF12
:1022700000BF70BD0010024000127A00549A00089E
:10228000649A000800093D00F8B504460CB9012025
:10229000F8BD207800F00100002878D0F8484068A8
:1022A00000F00C0004280CD0F548406800F00C0049
:1022B000082811D1F248406800F48030B0F5803F22
:1022C0000AD1EF48006800F4003000285FD0606851
:1022D00000285CD10120DBE700BF6068B0F5803FDB
:1022E00006D1E748006840F48030E549086028E0FE
:1022F000606858B9E248006820F48030E04908601E
:102300000846006820F4802008601AE06068B0F594
:10231000A02F0BD1DA48006840F48020D84908602B
:102320000846006840F4803008600AE0D44800683D
:1023300020F48030D24908600846006820F48020EC
:10234000086000BF606888B1FFF7C0F9054606E085
:10235000FFF7BCF9401B642801D9032098E7C8485F
:10236000006800F400300028F2D010E0FFF7AEF96A
:10237000054606E0FFF7AAF9401B642801D90320AF
:1023800086E7BF48006800F400300028F2D12078CA
:1023900000F00200022857D1B948406800F00C0054
:1023A00050B1B748406800F00C00082818D1B44874
:1023B000406800F4803098B9B148006800F002002D
:1023C00020B12069012801D0012061E7AC480068F4
:1023D00020F0F800616940EAC100A949086033E0D3
:1023E0002069E8B10120A7490860FFF76FF90546A9
:1023F00006E0FFF76BF9401B022801D9032047E7ED
:102400009F48006800F002000028F2D09C48006855
:1024100020F0F800616940EAC1009949086013E0C2
:10242000002098490860FFF751F9054606E0FFF7DC
:102430004DF9401B022801D9032029E79048006884
:1024400000F002000028F2D1207800F008000828EF
:102450002DD1A069B8B101208B490860FFF736F98A
:10246000054606E0FFF732F9401B022801D9032098
:102470000EE78348406A00F002000028F2D00120F5
:1024800002F08AF913E000207F490860FFF71EF987
:10249000054606E0FFF71AF9401B022801D9032080
:1024A000F6E67748406A00F002000028F2D1207872
:1024B00000F00400042873D100277148C06900F0BF
:1024C000805070B900BF6E48C06940F080506C49C0
:1024D000C8610846C06900F08050009000BF00BF8E
:1024E00001276A48006800F48070B0B96748006846
:1024F00040F4807065490860FFF7E8F8054606E09B
:10250000FFF7E4F8401B642801D90320C0E65F48C8
:10251000006800F480700028F2D000BFE068012855
:1025200006D15748006A40F001005549086227E08B
:10253000E06858B95248006A20F00100504908622A
:102540000846006A20F00400086219E0E0680528E7
:102550000BD14B48006A40F0040049490862084624
:10256000006A40F0010008620AE04548006A20F075
:102570000100434908620846006A20F0040008622E
:1025800000BFE068A0B1FFF7A1F8054609E0FFF73A
:102590009DF8401B41F28831884202D9032077E63A
:1025A00022E03748006A00F002000028EFD012E075
:1025B000FFF78CF8054608E0FFF788F8401B41F26A
:1025C0008831884201D9032062E62D48006A00F074
:1025D00002000028F0D1012F05D12948C06920F060
:1025E00080502749C86100BFE069C8B324484068EB
:1025F00000F00C00082860D0E069022848D10020D3
:1026000020490866FFF762F8054606E0FFF75EF826
:10261000401B022801D903203AE61948006800F05F
:1026200000700028F2D1206AB0F5803F07D114482D
:10263000406820F40030A168084311494860D4E99B
:10264000080108430E49496821F4741108430C49F4
:10265000486001200B490866FFF738F8054607E097
:102660003DE0FFF733F8401B022801D903200FE6B5
:102670000348006800F000700028F2D02FE000004E
:1026800000100240000042428004424200700040BC
:10269000002014490866FFF719F8054606E0FFF721
:1026A00015F8401B022801D90320F1E50E48006807
:1026B00000F000700028F2D111E0E069012800D19B
:1026C000E6E50948466806F48031206A814204D173
:1026D00006F47011606A814201D00120D8E5002023
:1026E000D6E50000000042420010024010B504464A
:1026F0000CB9012010BD606A38B96068B0F5827FFE
:1027000000D105E00021E16102E000212161616169
:102710000021A16294F8510028B9002084F85000EB
:10272000204600F043F8022084F851002068006839
:1027300020F0400021680860A08800F482702189A0
:1027400001F404410843A18901F400610843217C9C
:1027500001F002010843217D01F001010843218BB2
:1027600001F400710843217F01F038010843202162
:10277000095D01F080010843218D01F400510843F7
:10278000216808600421A06901EA104021684860BE
:102790002068C06920F400602168C861002060657D
:1027A000012084F851000020A4E7000010B586B095
:1027B0000446002002900390049005901E49206872
:1027C000884237D100BF1D48806940F480501B49C2
:1027D00088610846806900F48050019000BF00BF06
:1027E00000BF0846806940F008008861084680699B
:1027F00000F00800019000BF00BF282002900220D6
:1028000003900320059002A90D48FEF7B7FD1020A4
:102810000290002003900120049002A90848FEF7CE
:10282000ADFD00BF0749486840F0E06040F001009E
:10283000486000BF06B010BD0030014000100240EB
:10284000000C0140000001402DE9FE4F04460F46F8
:1028500090461D460C9E01200190FEF737FF8146F1
:1028600094F851B060680290AA46BBF1010F0BD0FA
:102870000298B0F5827F04D1A06810B9BBF1040FB3
:1028800002D00220BDE8FE8F1FB1B8F1000F00D0CA
:102890000DB90120F6E700BF94F85000012801D1DE
:1028A0000220EFE7012084F8500000BF94F85100A7
:1028B000042802D0052084F8510000206065C4F887
:1028C0003880E587A5872763E586A5862064606450
:1028D0002068006800F04000402805D020680068AB
:1028E00040F0400021680860E068B0F5006F52D108
:1028F000606810B1BAF1010F09D1206B008821681E
:10290000C860206B801C2063E08E401EE0863BE0A8
:102910002068806800F00200022810D1E08E70B1BB
:10292000019801280BD1206B00882168C860206BBA
:10293000801C2063E08E401EE0860020019020680D
:10294000806800F0010068B1E08F58B12068C0686D
:10295000A16B0880A06B801CA063E08F401EE08705
:1029600001200190FEF7B2FEA0EB0900B0420BD3AC
:10297000701C48B1012084F8510000BF002084F889
:10298000500000BF03207DE7E08E0028C0D1E08F1B
:102990000028BDD152E0606810B1BAF1010F09D131
:1029A000206B007821680873206B401C2063E08E48
:1029B000401EE0863CE02068806800F002000228AB
:1029C00010D1E08E70B1019801280BD1206B0078F6
:1029D00021680873206B401C2063E08E401EE08657
:1029E000002001902068806800F0010068B1E08F4D
:1029F00058B12068C068A16B0870A06B401CA06330
:102A0000E08F401EE08701200190FEF75FFEA0EB03
:102A10000900B04201D3701C00B94EB9012084F8FE
:102A2000510000BF002084F8500000BF032029E7B8
:102A3000E08E0028BFD1E08F0028BCD14A46314645
:102A4000204601F0BDFE40B12020606500BF00209F
:102A500084F8500000BF012014E7A06850B900BFFF
:102A6000002000902068C068009020688068009076
:102A700000BF00BF012084F8510000BF002084F88F
:102A8000500000BF606D08B10120FBE60020F9E6B0
:102A90007047704730B502460B4600BF92F83C00C5
:102AA000012801D1022030BD012082F83C0000BF86
:102AB000022082F83D00106844681068816824F0A4
:102AC00070041868044310684460104D1068A842F0
:102AD0000BD01068B0F1804F07D00D4D1068A842A0
:102AE00003D00C4D1068A84205D121F08001586830
:102AF000014310688160012082F83D0000BF002082
:102B000082F83C0000BF00BFCDE70000002C014070
:102B1000000400400008004010B504460CB9012034
:102B200010BD94F83D0028B9002084F83C002046F0
:102B300000F026F8022084F83D00211D206801F0F5
:102B400019FF012084F8460000BF84F83E000121EF
:102B50003F200155402001554120015500BF00BFD5
:102B6000012084F8420043200155442001554520AE
:102B7000015500BF012084F83D000020D0E700008F
:102B800008B50168B1F1804F0DD100BF0649C96990
:102B900041F00101044AD1611146C96901F0010106
:102BA000009100BF00BF08BD00100240014691F82F
:102BB0003D00012801D001207047022081F83D002E
:102BC0000868C06840F001000B68D860124B0868C4
:102BD00098420BD00868B0F1804F07D00F4B0868BF
:102BE000984203D00E4B086898420CD10868806860
:102BF00000F00702062A0CD00868006840F00100C7
:102C00000B68186005E00868006840F001000B6878
:102C100018600020D0E70000002C014000040040B4
:102C2000000800402DE9F04104460D46002700BF92
:102C300094F83C00012802D10220BDE8F081012077
:102C400084F83C0000BF022084F83D0020688668BC
:102C500026F0770626F47F4620688660286850288C
:102C600033D00CDC202850D004DC00284BD01028B6
:102C700051D149E0302849D040284CD139E0602872
:102C80002DD0702807D0B0F5805F03D0B0F5005F7D
:102C900041D10DE041E0D5E902136A68206801F0F6
:102CA000BCFE2068866846F077062068866034E0BF
:102CB000D5E902136A68206801F0AFFE20688068D9
:102CC00040F480402168886027E0EA6869682068ED
:102CD00001F074FF5021206801F0AAFE1DE0EA68AF
:102CE0006968206801F07DFF6021206801F0A0FE86
:102CF00013E0EA686968206801F060FF40212068FD
:102D000001F096FE09E000BF00BF00BF29682068FF
:102D100001F08EFE01E0012700BF00BF012084F812
:102D20003D0000BF002084F83C0000BF384684E727
:102D30002DE9F04104460D4614B90120BDE8F081AB
:102D400094F83D0028B9002084F83C00204600F0AB
:102D500051F8022084F83D002068806844F20701A1
:102D6000884321688860211D206801F003FE2068E7
:102D7000D0F80880206886692068076A286840EAD9
:102D8000080840F203308643A969A86840EA012098
:102D9000064340F60C4086434FF2F0008643E96953
:102DA000E86840EA0120064328690001296A40EAF0
:102DB0000130064327F022076969686840EA01107C
:102DC00007432068C0F80880206886612068076291
:102DD000012084F8460084F83E0001213F2001557F
:102DE000012084F8420043200155012084F83D0071
:102DF0000020A3E710B586B004460020029003909F
:102E00000490059029492068884224D100BF2848B1
:102E1000C06940F002002649C8610846C06900F058
:102E20000200019000BF00BF00BF0846806940F06B
:102E3000040088610846806900F00400019000BF2A
:102E400000BFC020029000200390049002A91948FE
:102E5000FEF794FA27E018492068884223D100BF82
:102E60001348C06940F004001149C8610846C069B0
:102E700000F00400019000BF00BF00BF0846806959
:102E800040F0080088610846806900F00800019061
:102E900000BF00BFC020029000200390049002A950
:102EA0000648FEF76BFA06B010BD000000040040B3
:102EB000001002400008014000080040000C0140E2
:102EC0002DE9F04304460D4694F83E603F20075D2F
:102ED00094F84280432010F804906DB9012E02D17D
:102EE000B8F1010F02D00120BDE8F083022084F880
:102EF0003E0084F8420025E0042D0CD1012F02D1C0
:102F0000B9F1010F01D00120EEE702213F20015568
:102F10004320015516E0012E07D1012F05D1B8F14C
:102F2000010F02D1B9F1010F01D00120DCE702202D
:102F300084F83E0002213F200155022084F842001F
:102F40004320015515B1042D0CD105E001220021CB
:102F5000206801F051FD10E001220421206801F0F9
:102F60004BFD0AE001220021206801F045FD01220D
:102F70000421206801F040FD00BF00BF2068006808
:102F800040F00100216808600020ADE7704770B58F
:102F900004462068C5682068066906F00200022819
:102FA00019D105F00200022815D1401F21680861DF
:102FB000012020772068806900F0030018B12046C6
:102FC000FFF7E4FF05E0204600F0C2F8204600F0DD
:102FD00076F90020207706F00400042819D105F0C6
:102FE0000400042815D1C04321680861022020771D
:102FF0002068806900F4407018B12046FFF7C6FFD2
:1030000005E0204600F0A4F8204600F058F9002022
:10301000207706F00800082819D105F008000828D4
:1030200015D1C04321680861042020772068C06959
:1030300000F0030018B12046FFF7A8FF05E0204686
:1030400000F086F8204600F03AF90020207706F0DC
:103050001000102819D105F01000102815D1C04318
:1030600021680861082020772068C06900F440705A
:1030700018B12046FFF78AFF05E0204600F068F807
:10308000204600F01CF90020207706F0010048B12E
:1030900005F0010030B16FF00100216808612046A1
:1030A00000F0C6F906F08000802809D105F0800004
:1030B000802805D1C043216808612046FFF7E8FC5D
:1030C00006F04000402809D105F04000402805D115
:1030D000C04321680861204600F0B6F906F02000E0
:1030E000202809D105F02000202805D1C0432168FF
:1030F00008612046FFF7CDFC70BD000010B586B01A
:103100000446002002900390049005902068B0F1DE
:10311000804F16D100BF0C48806940F004000A4976
:1031200088610846806900F00400019000BF00BF7C
:103130000320029002200390059002A90348FEF7A5
:103140001DF906B010BD000000100240000801404B
:1031500070472DE9F04104460D461646002700BF92
:1031600094F83C00012802D10220BDE8F081012042
:1031700084F83C0000BF36B1042E1BD0082E31D09D
:103180000C2E5ED145E02946206801F05BFC2068EA
:10319000806940F00800216888612068806920F01B
:1031A00004002168886120688069296908432168D2
:1031B000886148E02946206801F074FC2068806935
:1031C00040F40060216888612068806920F4806094
:1031D0002168886120688069296940EA01202168A6
:1031E000886130E02946206801F090FC2068C069C1
:1031F00040F008002168C8612068C06920F0040020
:103200002168C8612068C069296908432168C861CC
:1032100019E02946206801F0ADFC2068C06940F43F
:1032200000602168C8612068C06920F4806021685E
:10323000C8612068C069296940EA01202168C86125
:1032400001E0012700BF00BF00BF002084F83C0060
:1032500000BF384689E710B504460CB9012010BDFF
:1032600094F83D0028B9002084F83C00204600F086
:1032700025F8022084F83D00211D206801F07AFB2A
:10328000012084F8460000BF84F83E0001213F2061
:103290000155402001554120015500BF00BF0120CC
:1032A00084F8420043200155442001554520015532
:1032B00000BF012084F83D000020D0E77047704730
:1032C00070B504460D4615B994F83E000BE0042D88
:1032D00002D13F20005D06E0082D02D14020005DB4
:1032E00001E04120005D012801D0012070BD1DB921
:1032F000022084F83E000EE0042D03D102213F207D
:10330000015508E0082D03D102214020015502E0BB
:1033100002214120015501222946206801F06CFB61
:1033200019492068884201D1012000E0002028B11D
:103330002068406C40F400402168486412492068CD
:1033400088420BD02068B0F1804F07D00F49206829
:10335000884203D00E49206888420CD120688068DA
:1033600000F00706062E0CD02068006840F001002F
:103370002168086005E02068006840F001002168CD
:1033800008600020B2E70000002C0140000400406B
:103390000008004030B504460D460022294620684A
:1033A00001F02AFB21492068884201D1012000E078
:1033B000002090B100BF2068006A41F2111108405E
:1033C00050B92068006A8910084028B92068406C0C
:1033D00020F400402168486400BF00BF2068006AF4
:1033E00041F21111084050B92068006A8910084064
:1033F00028B92068006820F001002168086000BF3B
:103400001DB9012084F83E000EE0042D03D10121F6
:103410003F20015508E0082D03D10121402001552E
:1034200002E0012141200155002030BD002C014067
:1034300010B5044603492068884201D1FEF7DCFC40
:1034400010BD0000002C014070477047704700001D
:103450002DE9F84F0446206805682068C668206892
:1034600047694FF00009CA4605F00F09B9F1000F8E
:103470000AD105F0200038B106F0200020B1204626
:1034800001F013FCBDE8F88FB9F1000F7BD007F015
:10349000010018B906F49070002874D005F00100FE
:1034A00030B106F4807018B1606C40F001006064C7
:1034B00005F0040030B107F0010018B1606C40F075
:1034C0000200606405F0020030B107F0010018B19D
:1034D000606C40F00400606405F0080048B106F03C
:1034E000200010B907F0010018B1606C40F008002E
:1034F0006064606C002845D005F0200028B106F01B
:10350000200010B1204601F0D0FB20684069C0F3D4
:10351000801A606C00F0080010B9BAF1000F2CD0CE
:10352000204601F07CFB2068406900F0400000B3B9
:1035300000BF00BF2168143151E8001F21F0400096
:103540002168143141E80002002AF3D100BFE06B8A
:1035500050B17748E16B4863E06BFDF7A3FE88B19B
:10356000E06B416B88470DE02046FFF76FFF09E0F5
:1035700009E02046FFF76AFF04E02046FFF766FFF8
:10358000002060647EE7206B012877D105F01000F1
:10359000002873D006F010000028FAD000BF0020E9
:1035A000009020680068009020684068009000BF8C
:1035B00000BF2068406900F0400000285FD0E06B49
:1035C000006840681FFA80F8B8F1000F55D0A08D50
:1035D000404552DDA4F82E80E06B8069202843D05E
:1035E00000BF00BF21680C3151E8001F21F480703A
:1035F00021680C3141E80002002AF3D100BF00BF6E
:1036000000BF2168143151E8001F21F0010021683A
:10361000143141E80002002AF3D100BF00BF00BF0F
:103620002168143151E8001F21F040002168143155
:1036300041E80002002AF3D100BF202084F84200B4
:103640000020206300BF00BF21680C3151E8001F3B
:1036500021F0100021680C3141E80002002AF3D16A
:1036600000BFE06BFDF7F2FD02206063A08DE28DEC
:10367000801A81B22046FFF7E8FE03E742E0A08D02
:10368000E18D401A1FFA80F8E08DD0B3B8F1000F39
:1036900037D000BF00BF21680C3151E8001F21F472
:1036A000907021680C3141E80002002AF3D100BF7C
:1036B00000BF00BF2168143151E8001F21F0010054
:1036C0002168143141E80002002AF3D100BF202014
:1036D00084F842000020206300BF00BF21680C3145
:1036E00051E8001F21F0100021680C3141E8000270
:1036F000002AF3D100BF0220606341462046FFF755
:10370000A4FEBFE605F0800030B106F0800018B1DD
:10371000204601F0E7FBB5E605F0400030B106F0C9
:10372000400018B1204601F0B0FAABE600BFA9E6B0
:103730000B4C000810B504460CB9012010BDA0695F
:1037400000B100E000BF94F8410028B9002084F8DF
:103750004000204600F02AF8242084F84100206828
:10376000C06820F400502168C860204601F01CFBAE
:103770002068006920F49040216808612068406951
:1037800020F02A00216848612068C06840F4005099
:103790002168C86000206064202084F8410084F81B
:1037A00042000020606300BFC8E7000010B586B08B
:1037B0000446002002900390049005903B49206845
:1037C000884237D100BF3A48806940F48040384988
:1037D00088610846806900F48040019000BF00BF06
:1037E00000BF0846806940F004008861084680698F
:1037F00000F00400019000BF00BF481502900220B5
:1038000003900320059002A92A48FDF7B7FD4FF465
:103810008060029000200390049002A92548FDF7E3
:10382000ADFD00220A212520FEF796FB2520FEF79C
:1038300083FB39E020492068884235D100BF1C480D
:10384000C06940F400301A49C8610846C06900F4F4
:103850000030019000BF00BF00BF0846806940F003
:10386000040088610846806900F00400019000BFF0
:1038700000BF04200290022003900320059002A9BB
:103880000C48FDF77BFD0820029000200390049077
:1038900002A90848FDF772FD002207212620FEF745
:1038A0005BFB2620FEF748FB06B010BD0038014048
:1038B00000100240000801400044004070B504467A
:1038C0000D46164694F8420020280BD105B10EB9DA
:1038D000012070BD0020206332462946204601F0B9
:1038E000E1FAF6E70220F4E738B50446002000903C
:1038F0000E4920680968884217D10D48007803F006
:103900003FF869460B48006805F014FB012208499E
:103910002046FFF7D3FF009838B14FF0805006499A
:103920000860BFF34F8FBFF36F8F38BD7C0100205D
:10393000800100208401002004ED00E02DE9F84F13
:1039400004460E46174699464FF0000A94F8410087
:10395000202850D106B117B90120BDE8F88F00200A
:103960006064212084F84100FDF7B0FE8246A78400
:10397000E784A068B0F5805F04D1206910B9002504
:10398000B04602E035464FF000081EE053460022E4
:1039900080212046CDF8009001F0D4FA20B12020FB
:1039A00084F841000320D8E745B9B8F80000C0F317
:1039B00008002168486008F1020803E028782168BF
:1039C00048606D1CE08C401EE084E08C0028DDD156
:1039D0005346002240212046CDF8009001F0B2FA73
:1039E00020B1202084F841000320B6E7202084F88D
:1039F00041000020B1E70220AFE7704700BFFEE7BB
:103A0000014608684069C0F38020B0B16FF480605F
:103A10000A68506100200863202081F83D000020E2
:103A200081F83E00086C40F00400086400BF0020EC
:103A300081F83C0000BF012070470020FCE7000037
:103A40002DE9F84304460F4615469946DDE90886F8
:103A50002068006840F48060216808602068006881
:103A600040F4807021680860434600224FF0011145
:103A70002046009600F037F960B12068006800F435
:103A80008070B0F5807F02D14FF400702064032075
:103A9000BDE8F88307F0FE0021680861334642461E
:103AA0003E49204600F07EF908B10120F0E700BF52
:103AB0000020009020684069009020688069009094
:103AC00000BF00BF32464146204600F02DFA50B1FB
:103AD000206C042805D12068006840F4007021683B
:103AE00008600120D4E7B9F1010F03D1E8B22168E1
:103AF000086117E0C5F30720216808613246414696
:103B0000204600F011FA50B1206C042805D120683D
:103B1000006840F40070216808600120B8E7E8B24E
:103B20002168086132464146204600F0FDF950B157
:103B3000206C042805D12068006840F400702168DA
:103B400008600120A4E72068006840F480702168C4
:103B50000860434600224FF001112046009600F015
:103B6000C2F858B12068006800F48070B0F5807F1A
:103B700002D14FF400702064032089E7F8B240F0CE
:103B8000010021680861334642460449204600F09E
:103B900009F908B101207BE7002079E70200010064
:103BA0002DE9F8430446884615469946DDE908673D
:103BB0002068006840F48070216808603346002265
:103BC0004FF001112046009700F08DF860B1206899
:103BD000006800F48070B0F5807F02D14FF400706F
:103BE00020640320BDE8F88308F0FE002168086126
:103BF0003B4632462149204600F0D4F808B1012066
:103C0000F0E700BF00200090206840690090206825
:103C10008069009000BF00BF3A463146204600F060
:103C200083F950B1206C042805D12068006840F465
:103C30000070216808600120D4E7B9F1010F03D1B9
:103C4000E8B22168086117E0C5F307202168086120
:103C50003A463146204600F067F950B1206C0428FE
:103C600005D12068006840F40070216808600120D8
:103C7000B8E7E8B2216808610020B3E7020001005C
:103C800070B504460D46164625E02046FFF7B8FEFF
:103C900008B1012070BD681CE8B1FDF717FD801B5D
:103CA000A84200D8BDB920684069C0F3800090B92F
:103CB00000202063202084F83D00002084F83E008E
:103CC000206C40F02000206400BF002084F83C00FD
:103CD00000BF0120DEE720684069C0F380000028B3
:103CE000D3D00020D6E72DE9F04104460D46174613
:103CF0001E46DDF8188038E0701CA8B3FDF7E6FC1E
:103D0000A0EB0800B04200D876BBC5F307400128FD
:103D10000AD120684069A9B20840A9B2884201D1FD
:103D200001200BE0002009E020688069A9B208406A
:103D3000A9B2884201D1012000E00020B84214D18C
:103D400000202063202084F83D00002084F83E00FD
:103D5000206C40F02000206400BF002084F83C006C
:103D600000BF0120BDE8F081FFE7C5F3074001284F
:103D70000AD120684069A9B20840A9B2884201D19D
:103D800001200BE0002009E020688069A9B208400A
:103D9000A9B2884201D1012000E00020B842ABD096
:103DA0000020DFE72DE9F04104460D4616461F4688
:103DB00058E020684069C0F38020E8B120680068BE
:103DC00040F40070216808606FF4806021684861E9
:103DD00000202063202084F83D00002084F83E006D
:103DE000206C40F00400206400BF002084F83C00F8
:103DF00000BF0120BDE8F081701C90B3FDF766FCA8
:103E0000C01BB04200D866BBC5F3074001280AD1E9
:103E100020684069A9B20840A9B2884201D10120B6
:103E20000BE0002009E020688069A9B20840A9B22F
:103E3000884201D1012000E0002090B900202063D9
:103E4000202084F83D00002084F83E00206C40F0E3
:103E50002000206400BF002084F83C0000BF012047
:103E6000C8E7FFE7C5F3074001280AD12068406989
:103E7000A9B20840A9B2884201D101200BE000207C
:103E800009E020688069A9B20840A9B2884201D13E
:103E9000012000E0002000288BD00020AAE770B5A8
:103EA00004460D46164637E020684069C0F300100E
:103EB000A0B16FF01000216848610020206320202D
:103EC00084F83D00002084F83E00206C206400BF90
:103ED000002084F83C0000BF012070BDFDF7F6FB18
:103EE000801BA84200D8BDB920684069C0F380108B
:103EF00090B900202063202084F83D00002084F841
:103F00003E00206C40F02000206400BF002084F8B8
:103F10003C0000BF0120E0E720684069C0F380104A
:103F20000028C1D00020D8E770B504460D461646DB
:103F300025E02046FFF764FD08B1012070BD681C34
:103F4000E8B1FDF7C3FB801BA84200D8BDB92068CB
:103F50004069C0F3C01090B900202063202084F88D
:103F60003D00002084F83E00206C40F020002064DA
:103F700000BF002084F83C0000BF0120DEE720687D
:103F80004069C0F3C0100028D3D00020D6E700005D
:103F900010B5FDF7B7F8044A0021044802F0E6FD29
:103FA0000349086010BD0000309A0008DD48000891
:103FB0000000002000B585B0002001900290039021
:103FC000049000BF4C48806940F010004A49886165
:103FD0000846806900F01000009000BF00BF00BFDD
:103FE0000846806940F0200088610846806900F03A
:103FF0002000009000BF00BF00BF0846806940F06D
:10400000040088610846806900F00400009000BF49
:1040100000BF00BF0846806940F00800886108467C
:10402000806900F00800009000BF00BF012251032A
:104030003248FDF745FB00224FF470413048FDF750
:104040003FFB00224FF480712E48FDF739FB01221F
:10405000D1032C48FDF734FB01224FF4407128486E
:10406000FDF72EFB4FF4005001900120029000203C
:1040700003900220049001A92048FDF77FF9302029
:104080000190002002900120039001A91D48FDF736
:1040900075F903200190002002900120039001A9EE
:1040A0001748FDF76BF94FF4704001900120029022
:1040B000002003900220049001A91148FDF75EF949
:1040C0004FF4014001900120029000200390022053
:1040D000049001A90B48FDF751F94FF4407001908D
:1040E00011200290002003900220049001A90448AE
:1040F000FDF744F905B000BD00100240001001407A
:10410000000C01400008014010B50B480B49086045
:104110000B484860002109488160C1604FF480412C
:104120000161002141618161C1610162FDF7D4FA41
:1041300008B1FDF788F810BD00580040B00100201C
:10414000A086010010B50E480E4908604FF4827039
:10415000486000210B488160C160016141614FF4FA
:10416000007181611021C16100210162416281629F
:104170000A21C162FEF7BAFA08B1FDF764F810BD72
:10418000003001400402002000B58DB000200990ED
:104190000A900B900C90079008901C216846FCF741
:1041A00069F84FF0804023490860232048600021CF
:1041B000204881606321C160002101618161FEF7B7
:1041C000ABFC08B1FDF73FF84FF48050099009A906
:1041D0001848FEF727FD08B1FDF735F81548FFF739
:1041E0003AF808B1FDF72FF800200790089007A9CA
:1041F0001048FEF74FFC08B1FDF725F8602000904D
:104200000020019002900490002269460948FEF7C0
:10421000A0FF08B1FDF717F8042269460548FEF72C
:1042200098FF08B1FDF70FF80248FEF767FF0DB0E1
:1042300000BD00005C02002000B58BB0242102A864
:10424000FCF718F8002000900190194819490860FF
:10425000002048600021174881604FF6FF71C1605F
:104260000021016181610320029000200390012060
:104270000490002005900F20069000200790012058
:104280000890002009900F200A9002A90948FEF723
:104290004FFD08B1FCF7D7FF002000900190694660
:1042A0000448FEF7F7FB08B1FCF7CDFF0BB000BDEB
:1042B00000040040A402002000B58BB0242102A815
:1042C000FBF7D8FF002000900190194819490860B9
:1042D000002048600021174881604FF6FF71C160DF
:1042E00000210161816103200290002003900120E0
:1042F0000490002005900F200690002007900120D8
:104300000890002009900F200A9002A90948FEF7A2
:104310000FFD08B1FCF797FF00200090019069465F
:104320000448FEF7B7FB08B1FCF78DFF0BB000BDEA
:1043300000080040EC02002010B50B480B49086053
:104340004FF4E1304860002108488160C16001619C
:104350000C21416100218161C161FFF7EBF908B1D6
:10436000FCF771FF10BD000000380140340300204D
:1043700010B50B480B4908604FF4165048600021F7
:1043800008488160C16001610C21416100218161A7
:10439000C161FFF7CFF908B1FCF755FF10BD000070
:1043A000004400407C03002000BFFEE700BFFEE7A2
:1043B00010B54FF480610348FBF75CFF00F0E0F8B4
:1043C00010BD00004029002008B50020009004E046
:1043D0009DF80000401CC0B200909DF8000002282B
:1043E000F6DB08BD4FF480700249086040000860A9
:1043F00070470000100C014070B5044600251BE01A
:1044000004F0800020B14FF400701649086003E00A
:104410004FF00070134908606006040EFFF7D4FFE8
:104420004FF480700F490860FFF7CEFF4FF08070A7
:104430000C490860681CC5B2082DE1DB4FF4007020
:1044400008490860FFF7C0FF4FF480700549086015
:10445000FFF7BAFF4FF0807002490860FFF7B4FF22
:1044600070BD0000100C014010B54FF400700949F8
:10447000086040100860FFF7A7FF4FF00070054983
:104480000860FFF7A1FF4FF0807002490860FFF756
:104490009BFF10BD100C014010B54FF00070064995
:1044A000086040140860FFF78FFF4FF40070024966
:1044B0000860FFF789FF10BD100C014008B500200F
:1044C000009002E00098401C009027490098884224
:1044D000F8D3FFF787FFAE2000F035F9D52000F0C4
:1044E00032F9802000F02FF9A82000F02CF93F20AD
:1044F00000F029F9D32000F026F9002000F023F97C
:10450000402000F020F9A12000F01DF9C82000F0A3
:104510001AF9DA2000F017F9122000F014F98120BE
:1045200000F011F9CF2000F00EF9D92000F00BF9BE
:10453000F12000F008F9DB2000F005F9302000F050
:1045400002F9A42000F0FFF8A62000F0FCF88D206E
:1045500000F0F9F8142000F0F6F8AF2000F0F3F8BE
:10456000FFF726FF08BD000000350C0010B502461D
:10457000012000E050430B1EA1F10101FAD110BD52
:1045800010B5002411E044F0B00000F0DCF8102079
:1045900000F0D9F8002000F0D6F8054901EBC4106E
:1045A000802100F0E0F8601CC4B2082CEBDB10BDE9
:1045B000402900202DE9F041012805DB042803DC17
:1045C000012901DB102901DDBDE8F081202A01DB92
:1045D0007E2A00DD2022431E5B061C0E4B1EDB06DE
:1045E0001D0EA2F12003DEB200230DE0134F07EBF6
:1045F0000617FF5CDFF848C00CEBC41C05EB030892
:104600000CF808705F1CFBB2082BEFDB002311E0F5
:104610000A4F07EB061C03F108071CF807C0DFF878
:104620002080671C08EBC71705EB030807F808C0D4
:104630005F1CFBB2082BEBDB00BFC5E7A09A0008AC
:10464000402900202DE9F04780460E4617461C46BB
:104650000CB10A2C01DDBDE8F087002519E07019C6
:10466000102800DD17E0601B411E0A20FFF77EFFC7
:10467000B7FBF0F00A21B0FBF1F201FB120000F1F0
:1046800030097019C1B24A464046FFF793FF681CD3
:10469000C5B2A542E3DB00BF00BFDCE72DE9F04770
:1046A00081460F4616461C460CB10A2C01DDBDE8BA
:1046B000F087002E06DB2B2239464846FFF77AFFAB
:1046C000B04606E02D2239464846FFF773FFC6F193
:1046D000000800251BE07819401C102800DD18E0B8
:1046E000601B411E0A20FFF741FFB8FBF0F00A21D2
:1046F000B0FBF1F201FB120000F1300A7819401C06
:10470000C1B252464846FFF755FF681CC5B2A542E4
:10471000E1DB00BF00BFCAE7F0B507460D4616460D
:1047200000240BE02819102800DD0AE0325D28196A
:10473000C1B23846FFF73EFF601CC4B2305D0028AE
:10474000F0D100BFF0BD10B50446FFF78DFE782014
:10475000FFF752FE0020FFF74FFE2046FFF74CFE0A
:10476000FFF79AFE10BD70B504460D46FFF77CFEBC
:104770007820FFF741FE4020FFF73EFE03E014F8EB
:10478000010BFFF739FE281EA5F101018DB2F6D10C
:10479000FFF782FE70BD000008B508490968C90826
:1047A0004FF47A72B1FBF2F14143009100BF00BFB8
:1047B00000994A1E00920029F9D108BD100000207E
:1047C000F8B504460E46154633460122022120461E
:1047D000009500F017F828B1606D40F0200060658A
:1047E0000320F8BD3346002280212046009500F0CA
:1047F00009F828B1606D40F0200060650320F0E703
:104800000020EEE72DE9F84F04460D4690461E467F
:10481000DDF82890FCF75AFFA0EB0900371AFCF7E7
:1048200055FF82462C480068C0F3CB307843009097
:1048300045E0701C002842D0FCF748FFA0EB0A00BE
:10484000B84200D2A7BB2068406820F0E000216891
:1048500048606068B0F5827F0DD1A068B0F5004F68
:1048600003D0A068B0F5806F05D12068006820F003
:10487000400021680860A06AB0F5005F0DD100BF5C
:104880002068006820F400502168086020680068F3
:1048900040F400502168086000BF012084F85100F6
:1048A00000BF002084F8500000BF0320BDE8F88F4F
:1048B000FFE7009800B900270098401E009020688C
:1048C00080682840A84201D1012000E00020404536
:1048D000AFD10020EAE700001000002000BF012057
:1048E00002F0EFF8FBE710B54FF0E020006904F0AC
:1048F000F7FD012801D004F0C7F810BD00B58FB056
:10490000282105A8FBF7B6FC14216846FBF7B2FC8A
:1049100001200590000406900020079001200990D6
:1049200002200C90C1030D914FF4E0110E9105A8E7
:10493000FDF7AAFC08B1FCF786FC0F2000900220CE
:104940000190002002904FF48060039000200490BA
:1049500002216846FDF752FB08B1FCF774FC0FB06A
:1049600000BD704710B50248FEF711FB10BD0000F6
:10497000C403002010B502681C4B984208D0B0F167
:10498000804F05D01A4B984202D01A4B984203D15F
:1049900022F070024B681A43144B984208D0B0F1D1
:1049A000804F05D0124B984202D0124B984203D14F
:1049B00022F44072CB681A4322F080034C6943EA28
:1049C000040202608B68C3620B688362074B9842E3
:1049D00001D10B69036301234361036903F0010300
:1049E0001BB1036923F00103036110BD002C0140DA
:1049F000000400400008004030B501F01F0501240C
:104A000004FA05F3046A9C430462046A01F01F057A
:104A100002FA05F52C43046230BD30B50C468168BE
:104A200021F47F4142EA032525432943816030BDBB
:104A30000A46816821F0700142F007031943816042
:104A40007047000030B5026A056A25F0010505626D
:104A50004368846924F0700424F003040D682C4337
:104A600022F002028D682A430D4DA84206D100BFF4
:104A700022F00802CD682A4322F00402084DA84221
:104A800007D123F4807323F400734D692B438D69A0
:104A90002B43436084614D684563026230BD000072
:104AA000002C014030B5026A056A25F01005056248
:104AB0004368846924F4E04424F440740D6844EAB3
:104AC000052422F020028D6842EA05120E4DA8420C
:104AD00007D100BF22F08002CD6842EA051222F021
:104AE0004002094DA84209D123F4806323F40063F6
:104AF0004D6943EA85038D6943EA85034360846118
:104B00004D688563026230BD002C014030B5026AF9
:104B1000056A25F4807505624368C46924F0700451
:104B200024F003040D682C4322F400728D6842EADD
:104B300005220F4DA84207D100BF22F40062CD68C4
:104B400042EA052222F48062094DA84209D123F4E9
:104B5000805323F400534D6943EA05138D6943EAFA
:104B600005134360C4614D68C563026230BD000037
:104B7000002C014030B5036A056A25F480550562B2
:104B80004468C26922F4E04222F440720D6842EAAD
:104B9000052223F400538D6843EA0533064DA842ED
:104BA00004D124F480444D6944EA85144460C26110
:104BB0004D680564036230BD002C014030B50B46E2
:104BC0001446026A056A25F001050562816921F033
:104BD000F00141EA041122F00A021A4381610262E3
:104BE00030BD30B50B461446026A056A25F0100543
:104BF0000562816921F4704141EA043122F0A0028A
:104C000042EA03128161026230BD70B505466C6AEA
:104C10000020E085E0842046FEF718FC70BD00BF50
:104C200000BF02680C3252E8002F22F49071026833
:104C30000C3242E80013002BF3D100BF00BF00BFCD
:104C40000268143252E8002F22F001010268143287
:104C500042E80013002BF3D100BF016B01290ED1F4
:104C600000BF00BF02680C3252E8002F22F0100192
:104C700002680C3242E80013002BF3D100BF202160
:104C800080F8421000210163704710B50446206887
:104C9000C06820F040002168C860202084F84100EE
:104CA0002046FEF7AAFE002010BDF8B5044694F891
:104CB0004200222875D1A068B0F5805F0CD1206930
:104CC00050B90025A66A20684068C0F3080030800B
:104CD000A06A801CA06215E0A56A0026A068B0F555
:104CE000805F03D0A06828B9206918B9206840689F
:104CF000287004E02068406800F07F002870A06AF7
:104D0000401CA062E08D401E80B2E085002846D1A4
:104D10002068C06820F020002168C8602068C06852
:104D200020F480702168C8602068406920F001008C
:104D300021684861202084F8420000206063206BD5
:104D4000012826D10020206300BF00BF21680C315C
:104D500051E8001F21F0100021680C3141E80002E9
:104D6000002AF3D100BF2068006800F0100010286E
:104D70000AD100BF002000902068006800902068E1
:104D80004068009000BF00BFA18D2046FEF75DFB8C
:104D900002E02046FEF7A8FD0020F8BD01E000205B
:104DA000FBE70220F9E7000070B5044621680969B5
:104DB00021F44051E2681143226811612269A1681F
:104DC0001143626941EA02052168C96841F20C6237
:104DD000914329432268D1602168496921F44071D7
:104DE000A2691143226851612D4A2168914202D182
:104DF000FDF702FA01E0FDF7EFF900EBC00101EB6E
:104E0000001162689200B1FBF2F100EBC00202EB0C
:104E1000001263689B00B2FBF3F26423B2FBF3F26F
:104E200002EBC20303EB0212A1EB8201322202EB7E
:104E300001116422B1FBF2F101F0F00100EBC002BC
:104E400002EB001263689B00B2FBF3F26423B2FB37
:104E5000F3F201EB021200EBC00101EB00116368F9
:104E60009B00B1FBF3F100EBC00303EB001366689A
:104E7000B600B3FBF6F36426B3FBF6F303EBC3060D
:104E800006EB0313A1EB8301322303EB011164232F
:104E9000B1FBF3F101F00F0111442268916070BD84
:104EA0000038014010B5034699629A85DA850020E2
:104EB0005864222083F84200186928B11868C06835
:104EC00040F480701C68E0601868406940F00100A0
:104ED0001C6860611868C06840F020001C68E060D1
:104EE000002010BD014691F84100212828D1886892
:104EF000B0F5805F0BD1086948B90A6A1088C0F321
:104F000008000B685860086A801C086205E00B6A9C
:104F1000581C086218780B685860C88C401E80B214
:104F2000C88458B90868C06820F080000B68D86051
:104F30000868C06840F040000B68D86000207047E7
:104F40000220FCE72DE9F84304460D461746984633
:104F5000089E31E0701C70B3FCF7B8FBA0EB0800B2
:104F6000B04200D816B90320BDE8F8832068C068B5
:104F700000F00400F8B1802D1ED0402D1CD0206818
:104F80000068C0F3C000B0B100BF002000902068EE
:104F90000068009020684068009000BF00BF204675
:104FA000FFF73DFE0820606400BF002084F8400049
:104FB00000BF0120D8E7FFE7206800682840A8422A
:104FC00001D1012000E00020B842C3D00020CBE78F
:104FD00010B50248FEF73CFA10BD00003403002073
:104FE00010B50248FEF734FA10BD00007C03002023
:104FF00000BFFEE70FB4054B10B503A9044A0298A1
:1050000000F0E8F910BC5DF814FB0000E16700084F
:10501000A8010020490050EAC12018BF04204A0D11
:1050200018BF40F0010040F2FF72B2EB515F08BFC1
:1050300040F00200012808BF0520704702480068C0
:10504000C0F30220704700000CED00E010B500280E
:1050500004DB0A07130E054A135406E00A07140E70
:10506000034A00F00F031B1FD45410BD00E400E0FE
:1050700018ED00E000487047AC010020EFF3058018
:1050800070472DE9F0414F1E00EBC7010446D1E9FE
:10509000000115461E4637F006020DD02A4633465B
:1050A000FBF7CBFA7F1E04EBC703D3E90023FBF722
:1050B0001DFA37F00602F1D1022F25D0042F13D0AC
:1050C000062F18BFBDE8F0812A463346FBF7B5FA34
:1050D000D4E90A23FBF70AFA2A463346FBF7ADFA6E
:1050E000D4E90823FBF702FA2A463346FBF7A5FA70
:1050F000D4E90623FBF7FAF92A463346FBF79DFA73
:10510000D4E90423FBF7F2F92A463346FBF795FA74
:10511000D4E90223FBF7EAF92A463346FBF78DFA76
:10512000D4E90023BDE8F041FBF7E0B90122FBF729
:10513000C7BDFBF7DBB90000024A00201107FBF7EF
:10514000BFBD000001FDFFFF10B50446D1E900011D
:1051500000F002F8206010BDF8B504460D466A461E
:1051600001F04CFB00987E30009000281EDC0022ED
:10517000134620462946FBF79FFB17D0002140F637
:105180000800FBF785FF064620462946FBF7ACFBE7
:10519000044640F6080006EA0001FBF779FF34F008
:1051A000004004BF022000F045F829E00098FF28E5
:1051B00028DB00210846FBF76BFF00F440060022C5
:1051C000134620462946FBF7F5FC8CBF0025012538
:1051D000022000F02FF84FF0FF4446B1002D0CBF25
:1051E0004FF400004FF48000B04218BF084C042177
:1051F0000846FBF74DFF002D04BF84F00040F8BDCA
:105200002046F8BD20462946BDE8F840FBF76CBBB8
:10521000FFFF7F7F02E008C8121F08C1002AFAD1F1
:1052200070477047002001E001C1121F002AFBD126
:10523000704700000149086070470000AC01002081
:105240002DE9FF5F82B00021DDE90430020DDDF8B9
:1052500040B0034318D044F61050A2F2FF3242434C
:105260001514119801281FD0A5EB0B00401C5FEA14
:10527000000A4FF000064E4FDFF83891B046504616
:1052800015D5CAF1000413E0119801244AA301289E
:1052900001D16FEA0B010298119AC0E90031C0E90F
:1052A000024206B0BDE8F09FCBF10000DFE7044604
:1052B0000021404A491842EB0450CDE9001012E0A9
:1052C000E00707D032463B4640464946FBF7B5F972
:1052D0008046894632463B4610461946FBF7ADF9F3
:1052E00006460F466410002CEAD1DDE90401DDE931
:1052F0000023BAF1000F06DAFBF79FF942464B464E
:10530000FBF79BF905E0FBF70AFA42464B46FBF731
:1053100006FA04460E460022284BFBF74BFC03D846
:105320004FF0FF30014607E00022254B2046314672
:10533000FBF7DCF8FBF795FA102409E0002C0ADBF8
:105340000A220023FAF73CFF039B30321A55641EF1
:1053500050EA0102F2D1641C039AC4F1110314440F
:10536000119A012A03D0012208430DD10AE0084313
:1053700004D000204FF0110B119072E7A3EB0B0546
:105380006D1E0DE05B4504DD4FF0000205F10105E7
:1053900004E003DA4FF00002A5F10105002AECD089
:1053A00002981199C0E90231C0E9004579E700008F
:1053B000000014400000F03F300000000000F04307
:1053C0000000E03F30380A2801D201207047002059
:1053D000704700002DE9FF4F95B09A468846064673
:1053E0000025EEE1252877D100242746F94A01213E
:1053F000039400E0044316F8013F203B01FA03F058
:105400001042F7D130782A2811D06FF02F0330786E
:10541000A0F13002092A16D8039A44F0020402EBE4
:10542000820203EB42021044761C0390EFE758F827
:10543000042B0392002A03DA504244F400540390F0
:1054400044F00204761C30782E2816D116F8010F8D
:1054500044F004042A280DD06FF02F023078A0F118
:105460003003092B09D807EB870302EB4303C71866
:10547000761CF3E758F8047B761C30786C280FD044
:1054800006DC4C2817D068280DD06A2814D104E017
:10549000742810D07A280FD10DE044F400140AE0EB
:1054A00044F4801401E044F440147278824202D142
:1054B00004F58014761C761C307866280BD013DC3B
:1054C000582877D009DC002875D04528F6D0462822
:1054D000F4D047281AD193E118E0632835D0642826
:1054E00079D0652812D18BE1702873D008DC672849
:1054F000F1D069286FD06E280DD06F2806D1ACE0AE
:1055000073282CD0752874D0782853D05246179918
:1055100090476D1C54E1C4F30250022809D00328BF
:105520000DD0D8F8001004280DD00D6008F1040843
:1055300046E1D8F80010EA17C1E90052F6E7D8F8BA
:1055400000100D80F2E70D70F0E718F8041B8DF8DD
:10555000001000208DF80100EB46012003E058F810
:1055600004BB4FF0FF3061074FF0000102D40DE0A3
:1055700009F101018946B9420FDA8145F8DB1BF8D0
:1055800009100029F4D108E009F10101894681429E
:10559000FADB1BF809100029F6D103985346A0EB5B
:1055A000090721463846179A00F080FA284400EB94
:1055B000090507E044E008E10DE01BF8010B524645
:1055C00017999047B9F10109F7D253462146384659
:1055D000179AF2E039E00A21C4F302524FF0000BAF
:1055E0000091022A06D058F8040BC117032A09D0EB
:1055F0000AE023E008F1070020F00702F2E80201C8
:10560000904605E000B2C117042A01D140B2C1178B
:10561000002906DA0A460021404261EB02012D22F0
:1056200002E0220504D52B228DF80420012203E09C
:10563000E20701D02022F7E7914657E00A2100E077
:1056400010214FF0000B00910BE010214FF0000BE8
:1056500044F004040827009103E008204FF0000BF9
:105660000090C4F30252022A05D058F8040B00211E
:10567000032A08D008E008F1070020F00702F2E84A
:105680000201904603E080B2042A00D1C0B24FF07C
:10569000000922072AD53278702A07D0DDF800C029
:1056A0008CF0100C5CEA0B0C05D00EE040228DF85B
:1056B0000420012208E050EA010306D030238DF8CF
:1056C00004308DF8052002229146009B83F00803E8
:1056D00053EA0B030AD150EA010201D1620705D552
:1056E00030228DF804204FF001097F1E3278582AAD
:1056F00004D039A20C920CAA02920BE03BA2F9E76B
:105700005B46009AFAF75CFD0C9B9B5C029A521E6A
:105710000292137050EA0102F2D1029804A9081A09
:1057200000F1200B600702D524F4803400E001274B
:105730005F4502DDA7EB0B0000E0002000EB0B0152
:10574000009003984944401A0390E00306D453465E
:105750002146179A039800F0A9F90544002706E0AE
:1057600001A85246C05D179990476D1C7F1C4F459C
:10577000F6DBE0030CD553462146179A039800F058
:1057800095F9054404E030205246179990476D1C66
:105790000099481E00900029F5DC08E00298029963
:1057A00052460078491C0291179990476D1CBBF135
:1057B0000001ABF1010BF1DC5BE100F065F90544A0
:1057C000761C307800287FF40DAE19B02846BDE86D
:1057D000F08F00000928010030313233343536377C
:1057E000383961626364656600000000303132332D
:1057F00034353637383941424344454600000000CD
:10580000600700D4062708F1070020F00700F0E841
:105810000223804603F0004C5FEA0C0001D097A001
:1058200009E0200501D596A005E0E00701D095A08C
:1058300001E0AFF24C001390307823F0004365286C
:105840000CD006DC452809D046281DD047287FD13A
:105850003BE0662818D067287AD136E00021112F66
:1058600001DB112000E0781CCDE9000104A90CA89F
:10587000FFF7E6FCDDE90D010C9A4FF0000B07F194
:105880000109109200914EE04FF000400097CDE9E1
:10589000011004A90CA8FFF7D3FCDDE90D020C9B55
:1058A0000F994FF0000B91461093009211B9791C9B
:1058B00000EB0109B7EB090003D4C0F1FF3B07F18E
:1058C0000109A9EB0700019042E0012F00DA01274E
:1058D0000021112F01DD112000E03846CDE9000143
:1058E00004A90CA8FFF7ACFCDDE90D010C9A0091AE
:1058F0004FF0000BB946109221070FD4009A4A4589
:1059000003DA914601E0A9F10109B9F1010F05DDC2
:10591000109AA9F10101515C3029F4D0B84202DAA1
:1059200010F1040F03DA0121CDE9011010E0002885
:1059300003DC8344A9EB000102E0411C494500DD82
:105940008946A0EB0B00401C01904FF000400290F4
:10595000200705D40198484502DB4FF0FF30019045
:1059600000208DF84B0002980DF14B07B0F1004F6D
:1059700025D002200C902B200D90029800280CDAE4
:10598000404202902D200D9007E00A210298FAF77C
:10599000DBFF3031029007F8011D0C99481E0C9076
:1059A0000029F2DC02980028EFD1791E0D980870CA
:1059B000307800F0200040F0450007F8020D11A8F3
:1059C000C01BC01D02901398007800B1012000EBAD
:1059D0000901019801EBE071029801440398401A13
:1059E000401E0390E00306D453462146179A0398BD
:1059F00000F05CF805441398007818B152461799E6
:105A000090476D1CE00323D553462146179A03980F
:105A100000F04CF805441BE0BBF1000F07DB0098D9
:105A2000584504DD1098179910F80B0001E01799FC
:105A300030205246904701980BF1010B401E05F1B2
:105A40000105019004D12E205246179990476D1CF4
:105A5000B9F10001A9F10109DEDC05E017F8010B3D
:105A60005246179990476D1C0299481E02900029D2
:105A7000F4DC53462146179A03989EE62D00000059
:105A80002B000000200000002DE9F0410446002515
:105A90001E461746880404D405E039462020B04746
:105AA0006D1C641EF9D52846BDE8F0812DE9F04152
:105AB000044600251E469046C80301D5302700E065
:105AC0002027880404D505E041463846B0476D1CC0
:105AD000641EF9D52846BDE8F08100002DE9F84F95
:105AE00004460D4621F0004000917349814211DCCB
:105AF0007249884201DC06D12CB120462946BDE816
:105B0000F84FFFF713BB6E48002DCCBF6D496E49AF
:105B1000BDE8F88F6D49814211DD6D498142D8BFE2
:105B20004FF0FF366DDD20462946FFF773FA042853
:105B300008BFFFF701FB20462946BDE8F88F6549FD
:105B4000654F25F00045814233DD6449814219DD0E
:105B5000002632464FF0804320462946FAF7C6FC1D
:105B600080468A46012220462946FBF7A9F80022F2
:105B70003B46FAF75CFD42465346FAF7D0FD044631
:105B80000D463EE001260022BA463B462046294605
:105B9000FAF7ACFC80460F460022534620462946C1
:105BA000FAF745FD42463B46FAF7B9FD04460D4675
:105BB00027E04B4981421BDDDFF828A102260022A5
:105BC000534620462946FAF738FD00223B46FAF7AD
:105BD0008DFC80460F460022534620462946FAF7A0
:105BE00026FD42463B46FAF79AFD04460D4608E07C
:105BF000032622462B4600203B49FAF790FD044637
:105C00000D4622462B4610461946FAF716FD8B46DE
:105C1000824602460B46FAF710FD07460246334815
:105C200088460B4606217844FFF72BFA52465B461E
:105C3000FAF703FD82462E488B463A464346052135
:105C40007844FFF71EFA3A464346FAF7F6FC024656
:105C50000B46002E504659460CDAFAF747FC22460E
:105C60002B46FAF7EAFC01B022462B46BDE8F04F7E
:105C7000FAF7E0BCFAF73AFC22462B46FAF7DDFCCD
:105C80001C4A7A4402EBC603D3E90023FAF7CFFC9F
:105C900022462B46FAF7CBFC174A7A4402EBC6039E
:105CA000D3E90023FAF7C6FC009A002AB8BF81F0B6
:105CB0000041BDE8F88F0000000010440000F07FB4
:105CC000182D4454FB21F93FFB21F9BF0000DC3FB4
:105CD0000000203E0000F33F0000F03F0000E63FE0
:105CE000008003400000F83F0000F0BF3E46000087
:105CF000FC4500009A450000624500002DE9F04D8A
:105D00009446CCF1000423F000464CEA0404594FB9
:105D100046EAD4749A46884621F00042BC4206D82E
:105D2000454240EA050442EAD474BC4204D9BDE8C5
:105D3000F04D6246FFF7FDB9AAF14055A5F17F6528
:105D400055EA0C040BD0022404EAAA744A4DDFF889
:105D50002CE144EAD87452EA000B04D00CE0BDE810
:105D6000F04DFFF7BBBE002C14BF012CBDE8F08D39
:105D7000022C30D0032C32D056EA0C0B0AD0BE4293
:105D800020D1BA4209D126F0804622F08042334623
:105D9000114617E000291ADB25E0DFF8E4B0FB44E8
:105DA000002C04BFDBE90001BDE8F08D012C02BF2F
:105DB000DBE9000181F00041BDE8F08D022C0AD042
:105DC000032C0CD0BA4212D1B8F1000F0BDA2A48DA
:105DD0002C49BDE8F08D28462B49BDE8F08D2846BA
:105DE0007146BDE8F08D24482849BDE8F08D921B2E
:105DF00012153C2AC4BF204F244E10DCBAF1000F0C
:105E0000BEBF12F13C0F00273E4608DB6246FAF7A0
:105E100086FC21F00041FFF761FE07460E4694B173
:105E2000012C08BF86F000460DD0194A194B022CF0
:105E30003846314615D0FAF7FAFB2A46BDE8F04D50
:105E4000114BFAF7F4BB0022134638463146FAF7F5
:105E500033FD04BF0220FFF7EDF938463146BDE8B7
:105E6000F08DFAF7E4FB2A46BDE8F04D064BFAF751
:105E7000E1BB00000000F07F182D4454FB2109C055
:105E8000F6440000FB21F9BFFB210940FB21F93F4B
:105E9000075C143326A6A13C10B502460E4C2478AC
:105EA000601CC41700EB14742411A0EB0414E3B2BB
:105EB0000A480078834201D1002010BD0848064CF2
:105EC000247800F81420044C247800EB440041703E
:105ED000014803700120F0E77601002077010020DF
:105EE0002029002001460E4800780E4A1278904280
:105EF00001D1002070470C480A4A127800EB42009A
:105F000000880880074A1278501CC21700EB1272F2
:105F10001211A0EB0212034B1A700120EAE70000F5
:105F20007601002077010020202900202DE9F04192
:105F300007460D4607EB4700304901EB8004384621
:105F400000F05EF80646207830B101280BD0022818
:105F50002AD003284FD13BE026B101202070656094
:105F60000020207247E0BEB96068281A142810D3B8
:105F7000207A28B90320207065600120207212E089
:105F80000020207002213846FFF786FF0020207293
:105F900009E00020207006E06068281AB0F57A7FDA
:105FA00001D30220207026E03EB903213846FFF7D6
:105FB00073FF00202070207209E06068281AB0F595
:105FC000FA6F04D3656004213846FFF765FF12E0DD
:105FD0001EB10120207065600CE06068281AB0F5E1
:105FE000967F07D30020207001213846FFF754FF29
:105FF0000020207200BF00BFBDE8F081F028002023
:1060000070B50546064800EBC504A1882068FBF77B
:1060100045FBA179884201D1012070BD0020FCE739
:10602000809A000870B500F015FC0546002404E0D5
:10603000E0B22946FFF77AFF641C042CF8DB70BD40
:1060400010B503220021012002F038FD0449086048
:106050000122044904480068FDF730FC10BD00002F
:1060600084010020800100207801002000200249E6
:106070000968486270470000A4020020002002491D
:106080000968486270470000EC02002000B504482F
:106090000068406A02B2FFF7E9FF104600BD000049
:1060A000A402002000B504480068406A02B2FFF76D
:1060B000E5FF104600BD0000EC0200207047000024
:1060C00010B53C210748FCF7FBFE3C210648FCF7D5
:1060D000F7FE0020034909684862034909684862DD
:1060E00010BD0000A4020020EC0200207047000058
:1060F00010B50446201E01DB014600E04142642940
:1061000006DD642C01DD642001E06FF063000446CD
:10611000002C0EDB012211030E48FBF7D1FA0022FE
:106120004FF400510B48FBF7CBFA0B48006844636F
:106130000EE000224FF480510648FBF7C1FA01221D
:1061400051030448FBF7BCFA6042034909684863FD
:1061500010BD0000000C01405C02002010B5044698
:10616000201E01DB014600E04142642906DD642C6B
:1061700001DD642001E06FF063000446002C0EDBBB
:1061800000224FF480410E48FBF79AFA0122D10316
:106190000B48FBF795FA0B48006884630EE0012278
:1061A00091030748FBF78CFA00224FF400410448A2
:1061B000FBF786FA604203490968886310BD000056
:1061C000000C01405C02002010B500210348FDF7DF
:1061D00077F804210148FDF773F810BD5C02002038
:1061E00010B500210348FDF7D5F804210148FDF75B
:1061F000D1F810BD5C02002070B504460D46B4F91C
:106200000A00FAF7FBFA06460249FAF731F9686123
:1062100070BD00006F12834108B50020009001227C
:106220006946752000F06EF808B9002008BD9DF899
:106230000000702801D00020F8E700216B2000F05A
:1062400079F808B90020F1E700216C2000F072F81D
:106250000721192000F06EF800211A2000F06AF8DA
:1062600018211C2000F066F818211B2000F062F8AD
:106270003220FBF76FF80120D8E71FB504460E2245
:1062800069463B2000F03EF810B9002004B010BD74
:106290009DF801009DF8001040EA012000B2208026
:1062A0009DF803009DF8021040EA012000B26080D2
:1062B0009DF805009DF8041040EA012000B2A0807E
:1062C0009DF807009DF8061040EA012000B2E0802A
:1062D0009DF809009DF8081040EA012000B22081D5
:1062E0009DF80B009DF80A1040EA012000B2608181
:1062F0009DF80D009DF80C1040EA012000B2A0812D
:106300000120C3E7FEB504460D4616464FF0FF30A8
:1063100001232246D021CDE90056029004480068AE
:10632000FBF7C2FA07460FB90120FEBD0020FCE7CB
:106330009801002033B583B004464FF0FF300121AF
:1063400004AA0B46CDE9002102902246D02105483F
:106350000068FBF763FC054615B9012005B030BDA8
:106360000020FBE79801002008B5E2200B490870E7
:1063700000224FF400410A48FBF7A2F94FF0FF302A
:106380000123084A0549009007480068FCF75CFAB9
:106390000122D1030248FBF793F908BD402D0020EC
:1063A00000080140C02D00208801002008B5E12030
:1063B0000B49087000224FF400410A48FBF780F9AE
:1063C0004FF0FF300123084A054900900748006854
:1063D000FCF73AFA0122D1030248FBF771F908BD34
:1063E000402D002000080140C02D00208801002021
:1063F00010B500224FF480711D48FBF761F90122AE
:10640000D1031B48FBF75CF90821002000F062F97A
:106410003F21012000F05EF90121022000F05AF92D
:106420000321084600F056F90321042000F052F938
:106430000221052000F04EF90E21062000F04AF955
:106440002021112000F046F905220A490A2000F017
:1064500069F9FFF7ABFFFFF787FF7021072000F016
:1064600039F900F0B7F80520FAF774FF10BD000005
:10647000000801409101002038B504460E48047020
:10648000FF200D49487000224FF400410B48FBF7F4
:1064900017F94FF0FF300223094A074900900948D5
:1064A0000068FCF7D1F90122D1030448FBF708F991
:1064B0000348407838BD0000402D0020000801400E
:1064C000C02D00208801002038B505460C4661200B
:1064D00015490870002004E0FF22134B411C5A5458
:1064E000C8B2A042F8DB00224FF400410F48FBF78E
:1064F000E7F84FF0FF30631C0D4A0B4900900D4840
:106500000068FCF7A1F90122D1030848FBF7D8F88D
:10651000002005E0064A411C515C2954411CC8B2C8
:10652000A042F7DB38BD0000402D002000080140EC
:10653000C02D00208801002008B5FF200C490870FC
:1065400000224FF400410B48FBF7BAF84FF0FF3040
:106550000123094A0649009008480068FCF774F9CD
:106560000122D1030348FBF7ABF80348007808BDCC
:10657000402D002000080140C02D0020880100208F
:1065800070B5FFF7D9FF04460020FFF775FF0546F9
:1065900005F0020018B9FFF72BFF032070BD04F0CF
:1065A0003000302803D1FFF723FF0220F6E704F084
:1065B000400058B120210648FFF786FF4021072000
:1065C00000F088F8FFF7D0FE0120E7E70020E5E7BC
:1065D000602E002010B500224FF480710948FBF7AF
:1065E0006FF80020FFF748FF044644F003042146FB
:1065F000002000F06FF8012211020248FBF760F85A
:1066000010BD00000008014070B54FF47A760522F5
:106610001F49102000F086F805221D490A2000F0CD
:1066200081F820211B4800F0ADF800F037F81EE09B
:10663000FFF782FF0446301EA6F1010603D10425B0
:10664000FFF7D6FE14E004F03000302803D1032514
:10665000FFF7CEFE0CE004F0100018B10225FFF7A2
:10666000C7FE05E004F0200008B1012500E0DFE7E7
:1066700000BF3021072000F02DF8FFF797FE05221C
:1066800005490A2000F04EF8FFF7A4FF284670BD28
:106690008C010020402E00209101002010B5002226
:1066A0004FF480710A48FBF70BF80020FFF7E4FE77
:1066B000044644F0020424F001042146002000F0C6
:1066C00009F8012211020248FAF7FAFF10BD000092
:1066D0000008014038B505460C4645F020000D493C
:1066E00008700846447000224FF400410A48FAF747
:1066F000E7FF4FF0FF300223084A064900900848A0
:106700000068FCF7A1F80122D1030348FAF7D8FF8B
:1067100038BD0000402D002000080140C02D0020A1
:1067200088010020F8B505460E46144645F02000C5
:1067300010490870002004E0325C0E4B411C5A5492
:10674000C8B2A042F8DB00224FF400410A48FAF731
:10675000B7FF4FF0FF30631C084A06490090084815
:106760000068FCF771F80122D1030348FAF7A8FF8B
:10677000F8BD0000402D002000080140C02D002081
:106780008801002038B505460C46A0201049087045
:10679000002004E02A5C0E4B411C5A54C8B2A042AF
:1067A000F8DB00224FF400410A48FAF789FF4FF066
:1067B000FF30631C084A0649009008480068FCF74F
:1067C00043F80122D1030348FAF77AFF38BD0000ED
:1067D000402D002000080140C02D0020880100202D
:1067E00013B50C464FF0FF33012269460248FDF70E
:1067F000A5F800981CBD00007C03002010B51446CD
:1068000000222260114A21F000439342A8BF10BD2C
:1068100053EA000208BF10BDB3F5801FA8BF22686D
:1068200007DA3622FAF74CFA6FF0350221F000430E
:106830002260DFF81CC06FF31E510CEB23531A4487
:1068400041F0FF5141F00051226010BD0000F07F87
:1068500002FCFFFF10B502F053FE10BDFBF7D8FAA3
:10686000FEF74CF8FDF7A6FBFDF766FDFDF74CFCC7
:10687000FDF768FCFDF77CFDFDF786FCFDF7DCFC11
:10688000FDF71AFD00F02CF9FDF782FB00F03EF950
:1068900000BFFEE710B5002221210A2002F00EF908
:1068A0000149086010BD00009C01002010B504469D
:1068B0001F48007830B101280AD0022823D00328CD
:1068C00033D12EE05B2C02D10120194908702CE055
:1068D0005D2C03D102201649087013E0154890F88A
:1068E0002000202803DB0320114908700AE011482A
:1068F00090F8201090F82000401C0E4A82F82000EA
:106900001046445411E000235A1E0A490A48006800
:1069100002F0BEF90020074981F820000449087000
:1069200003E000200249087000BF00BF10BD000056
:10693000A0010020022F00209C01002001460F48EA
:1069400090F880000D4A92F88120904201D10020F9
:1069500070470A4890F88100084A105C087092F865
:106960008120501CC21700EB5262D211A0EBC21260
:10697000024B83F881200120EAE70000802E0020EE
:1069800001460D4890F88000401C0B4A92F8812087
:10699000904210D0084890F88000074A115492F8AD
:1069A0008020501CC21700EB5262D211A0EBC21221
:1069B000014B83F880207047802E002010B50446DC
:1069C00002200749087020784870607888706068F5
:1069D0004860A0688860E068C860FFF715FE10BDD9
:1069E000402E00200021016041608160C160C161D2
:1069F0000162416270472DE9F0410446E06920627E
:106A0000D4E90001F9F7FCFCE06100216069F9F7C5
:106A100087FF13D0E169606AF9F7A0FC6062D4E9EE
:106A20000901F9F787FF01D2A06A6062E16A606A32
:106A3000F9F776FF04D2E06A606201E0002060624C
:106A4000D4E90101F9F7DCFC0746A169F9F7DEFC9E
:106A50000546616A6069F9F7D9FC0746E169206972
:106A6000F9F7D4FC80463946F9F778FC0646294602
:106A7000F9F7C6FCE0600021E068F9F75BFF04D29B
:106A8000A16BE068F9F76AFCE0600021E068F9F7C3
:106A900047FF04D2A16BE068F9F7B2FCE060216B1C
:106AA000E068F9F747FF01D2206BE060616BE068B6
:106AB000F9F736FF01D2606BE0606068A060BDE866
:106AC000F08170B50546FEF7D9FA10B16FF00504F4
:106AD00004E0002415B1284601F060FD204670BD99
:106AE00010B5FEF7CBFA10B16FF0050409E00648C7
:106AF000006820B9012004490860002401E04FF03B
:106B0000FF34204610BD00006400002070B5FEF781
:106B1000B5FA10B16FF005041FE0114800680128B4
:106B200019D100BF801F0021002804DB0A07130EC3
:106B30000C4A135406E00A07150E0B4A00F00F0327
:106B40001B1FD55400BF00BF02200549086001F09B
:106B500073FE002401E04FF0FF34204670BD0000BA
:106B60006400002000E400E018ED00E02DE9FF479C
:106B700080468946144600200390FEF77FFA0028DD
:106B80004ED1B8F1000F4BD0802618258246471E03
:106B900044B3206808B1D4F800A0A06900B1A56989
:106BA0002DB1382D03D8207900F0010018B1002054
:106BB00004B0BDE8F087606908B160698608A06824
:106BC00040B1E0685C2805D3206918B1606908B15C
:106BD000012708E0A06830B9E06820B9206910B941
:106BE000002700E00027012F0CD12169A0684B4647
:106BF0003246CDE9005102905146404602F012FC67
:106C000003900DE067B903A8B2B24B465146CDE9F7
:106C10000050404602F0D4FB012801D00020039030
:106C20000398C5E72DE9F04105460E46164807686A
:106C300016480068001D01F029FB681C38B936B100
:106C400012480168091D124801F076FB1AE07C1910
:106C50000E4800684460BC4207D20C480168091D18
:106C60000C48006801F04EFB0CE008480168091D63
:106C70000948006801F046FB08480068844201D2D8
:106C800006480460BDE8F0812800002014000020C0
:106C9000FC0800201C0000201800002044000020F8
:106CA00010B5044601F054FB24480068401C2349F9
:106CB00008602348006840B921480460084600681D
:106CC00001280DD100F006FA0AE01E48006838B924
:106CD0001B480068C06AE16A884201D8184804600D
:106CE00019480068401C184908600846006860643C
:106CF0001649E06A0968884202D91449E06A0860C6
:106D0000E16A01EB8101124A02EB8100211D01F0D1
:106D100013FB01F047FB0B48006868B108480068A6
:106D2000C06AE16A884207D24FF080500949086082
:106D3000BFF34F8FBFF36F8F10BD00002400002002
:106D40001400002030000020400000202C00002013
:106D50004C04002004ED00E008B501F0F9FA1248F7
:106D60000068E8B9114801F0BDFA114801F0BAFA1B
:106D70000E48104908600E480F49086000200F4B6C
:106D80000F4A102100900A2001F0C5FE0649086054
:106D90000846006820B10BA10348006801F0C2FB5F
:106DA00001F000FB08BD0000580000201009002081
:106DB0002409002050000020540000203809002041
:106DC00088090020546D72510000000010B516E0D3
:106DD00001F0BEFA0C48C068C468201D01F056FAE4
:106DE0000A480068401E0949086009480068401EBA
:106DF0000749086001F0D6FA204600F05FF8044821
:106E000000680028E4D110BDE8080020240000201C
:106E10002000002070B504460D46206C70B1216C36
:106E2000E0680144E160D4E90210884201D321689E
:106E3000E1602846226CE168F9F703FA70BD2DE99C
:106E4000F04104460F4615464FF00008A66B206C33
:106E500048B9206800282CD1A06802F0F9FB8046D0
:106E60000020A06025E07DB93946226C6068F9F702
:106E7000E8F9216C606808446060D4E90101884247
:106E800017D32068606014E03946226CE068F9F797
:106E9000D8F9216CE068411AE1602168E068884215
:106EA00003D2216CA068411AE160022D01D106B124
:106EB000761E701CA0634046BDE8F08110B5044604
:106EC00094F8590030B9206B01F08AFA204601F09D
:106ED00087FA1AE094F85900012803D1204601F0FE
:106EE0007FFA12E094F85900022801D1012000E055
:106EF000002050B900BF502080F31188BFF34F8F9E
:106F0000BFF36F8F00BF00BFFEE710BD01464A6AA6
:106F100022B10A6B1268C2F1380000E0002070470D
:106F20000146084A126812680AB9012200E00022EC
:106F30000A600A6822B9034A1268D268106800E041
:106F4000002070475000002030B54FF4C053174860
:106F500000F007042CB1C01D20F00700134C041BE7
:106F60001B1B0246124C22600024114D6C60D0188D
:106F7000083820F007000F4C206000240D4D2D68CC
:106F80006C600C4D2D682C601146441A4C60094C05
:106F900024680C60084D4C682C60084D4C682C60CF
:106FA0004FF00044064D2C6030BD0000E010002082
:106FB000680000207000002078000020740000208D
:106FC0008400002000BFFFF701FF06480068012889
:106FD000F9D94FF0805004490860BFF34F8FBFF3D9
:106FE0006F8FF0E74C04002004ED00E02DE9F04144
:106FF00006460D4617469846069C0DB9246000E0EB
:107000002760E66325640121204601F0F5FD84F840
:107010004C80BDE8F0812DE9F05F82460E46904637
:107020009B460A9F0C9C4FEA8801A522206BF9F72A
:107030001AF9A8F10100216B01EB800929F0070979
:1070400009F0070008B9012000E0002050B900BF96
:10705000502080F31188BFF34F8FBFF36F8F00BFB5
:1070600000BFFEE786B1002507E0715D04F1340042
:107070004155705D00B902E06D1C102DF5D300BFC5
:1070800000214320015502E0002084F83400382F0D
:1070900000D33727E762E76400202065201D01F058
:1070A0002EF904F1180001F02AF92461C7F1380023
:1070B000A06164620020606584F858005A46514619
:1070C000484600F081FB20600B9808B10B980460E3
:1070D000BDE8F09F10B5002407E004EB84010F4ADF
:1070E00002EB810001F0FEF8641C382CF5D30C484B
:1070F00001F0F8F80B4801F0F5F80B4801F0F2F850
:107100000A4801F0EFF80A4801F0ECF80448094990
:10711000086004480849086010BD00004C040020C5
:10712000AC080020C0080020D4080020E808002097
:10713000FC080020180000201C00002010B50146AB
:10714000164800E0006803688B42FBD302464368A0
:1071500013448B4204D143684C6823444360014686
:107160000A464B6813440468A34211D10C4C0368CF
:107170002468A34208D04B680468646823444B60C9
:1071800003681B680B6005E0054B1B680B6001E0A2
:1071900003680B60884200D0016010BD68000020C9
:1071A000700000202DE9F04104460D4616461F46AA
:1071B0004FF0000865602461B5420CD8F01BA1694E
:1071C000884202D34FF0010811E0211D09480068F0
:1071D00001F098F80BE0BE4204D2BD4202D34FF05A
:1071E000010804E0211D0448006801F08BF84046C6
:1071F000BDE8F081540000205000002070B5054625
:1072000001F0A6F8A86B08B9012400E0002401F001
:10721000C9F8204670BD70B5054601F099F8A86B15
:10722000E96B884201D1012400E0002401F0BAF8A2
:10723000204670BDF8B505460F461A480068C0687C
:10724000C468201D01F022F894F8280000F0040022
:10725000E8B1A06941192B463A462046FFF7A2FF44
:10726000D8B1002003462A4601460090204602F08D
:107270009DFB064656B900BF502080F31188BFF32E
:107280004F8FBFF36F8F00BF00BFFEE705E094F89C
:10729000280020F0010084F828002046216A884751
:1072A000F8BD000050000020F0B587B0A0E00398C2
:1072B000002811DA04AE56B900BF502080F31188BF
:1072C000BFF34F8FBFF36F8F00BF00BFFEE7D6E95C
:1072D0000020B168904700BF03980028E6DB059CBA
:1072E000606908B9012000E0002010B9201D00F0FD
:1072F000CDFF02A800F0DEF8054603980A2875D2F3
:10730000DFE800F009050739416306083A4200BF8B
:1073100000BF00BF00BF94F8280040F0010084F8CF
:1073200028000498A269811803462A462046FFF7E0
:1073300039FFF8B12046216A884794F8280000F008
:107340000400B8B1002000900498A16942180023FD
:107350001946204602F02AFB074657B900BF5020C5
:1073600080F31188BFF34F8FBFF36F8F00BF00BF53
:10737000FEE700BF3BE000BF94F8280020F00100CA
:1073800084F8280033E000BF94F8280040F00100A2
:1073900084F828000498A061A06908B1012000E0E9
:1073A000002050B900BF502080F31188BFF34F8FE9
:1073B000BFF36F8F00BF00BFFEE7A06941192B46E6
:1073C0002A462046FFF7EEFE11E094F8280000F070
:1073D000020018B9204601F003F805E094F82800EF
:1073E00020F0010084F8280001E0FFE700BF00BFA3
:1073F000002203A90448006801F00CFE00287FF475
:1074000056AF07B0F0BD000058000020F8B50546A3
:107410000C4601F06DFA684600F04CF806460098FC
:1074200020BB44B9B54206D802F002FA31462846DC
:10743000FFF700FF1CE03CB10E480068006808B987
:10744000012000E000200446A91B22460A480068EB
:1074500001F07EF802F0ECF950B94FF08050074986
:107460000860BFF34F8FBFF36F8F01E002F0E0F9C8
:10747000F8BD0000540000205800002004ED00E09A
:107480000A490968096809B9012100E0002121B110
:107490004FF0FF31064A116006E004490968C968E7
:1074A000C868034A41681160704700001800002056
:1074B0004400002070B5044602F022F80546074853
:1074C0000068854204D200F00BF80120206001E042
:1074D0000020206001480560284670BD6000002043
:1074E0002DE9F84334E025480068C0680568234862
:1074F0000068C068C468201D00F0C8FE2046216AEC
:10750000884794F8280000F0040008B3A0694619E1
:10751000AE4207D966602461211D1848006800F05A
:10752000F1FE15E0002003462A4601460090204661
:1075300002F03CFA074657B900BF502080F311888B
:10754000BFF34F8FBFF36F8F00BF00BFFEE700BFD9
:107550000A480068006808B9012000E000200028FF
:10756000C1D00648D0F8008005480068034908608B
:107570000348C0F80080BDE8F883000050000020F8
:10758000540000200E480068401C08B9012000E0AB
:10759000002050B900BF502080F31188BFF34F8FF7
:1075A000BFF36F8F00BF00BFFEE700BF502080F326
:1075B0001188BFF34F8FBFF36F8F00BF00BFFEE78F
:1075C0008800002008B500BF6846FFF7A9FC044604
:1075D00020460099FFF71AFFFFF766FEF4E770B543
:1075E000044600F0B5FE94F9455010E0606A08B911
:1075F000012000E0002038B904F1240002F0CCF8AA
:1076000018B101F06FF800E003E0681E45B2002DEC
:10761000ECDC00BFFF2084F8450000F0C3FE00F062
:1076200097FE94F9445010E0206908B9012000E069
:10763000002048B904F1100002F0AEF808B101F0E2
:1076400051F8681E45B200E001E0002DECDC00BFFF
:10765000FF2084F8440000F0A5FE70BD2DE9F04144
:1076600004464FF0000801F043F94948006808B9A2
:10767000FFF76AFC474800682040002870D1D4B169
:10768000083404F00700B0B104F00700C0F10800AE
:10769000044404F0070008B9012000E0002050B9BC
:1076A00000BF502080F31188BFF34F8FBFF36F8F5F
:1076B00000BF00BFFEE7002C52D03748006884426C
:1076C0004ED8364E3046056801E02E462D68686873
:1076D000A04202D228680028F7D12D4800688542D0
:1076E0003ED0306800F10808286830606868001BE8
:1076F000102819D92F1907F0070008B9012000E058
:10770000002050B900BF502080F31188BFF34F8F85
:10771000BFF36F8F00BF00BFFEE76868001B786093
:107720006C603846FFF70AFD1B4968680968081A4B
:10773000194908600846006819490968884203D257
:1077400015480068164908601249686809680843C6
:1077500068600020286013480068401C11490860D8
:1077600002F066F808F0070008B9012000E00020E8
:1077700050B900BF502080F31188BFF34F8FBFF383
:107780006F8F00BF00BFFEE74046BDE8F0810000FC
:107790007000002084000020740000206800002099
:1077A000780000207C0000200648006830B10549C0
:1077B000096801F15000096D491C01600148006829
:1077C0007047000014000020001F4FF0807303601A
:1077D000001F21F001030360001F034B03601438F6
:1077E00002602038704700008575000808B50A4619
:1077F0000021009101466846F9F73AF9009808BD62
:10780000AAB0E9E04FF0FF3221A97448006801F006
:1078100001FC012872D19DF8A42021A901A8F8F744
:1078200010FD00209DF8A41001AA505400906A4653
:107830006BA101A8F8F738FD07466AA13846F8F7AA
:1078400024FD002874D16A4665A1F8F72DFD06468F
:107850006A4663A10020F8F727FD804663A1304601
:10786000F8F713FD10B90024002556E061A1304659
:10787000F8F70BFD10B9002401254EE05FA130465A
:10788000F8F703FD10B90024022546E05DA130465B
:10789000F8F7FBFC10B9002403253EE05CA130465C
:1078A000F8F7F3FC10B90124002536E05AA1304660
:1078B000F8F7EBFC10B9012401252EE058A1304661
:1078C000F8F7E3FC10B90124022526E056A1304662
:1078D000F8F7DBFC10B9012403251EE055A1304662
:1078E000F8F7D3FC10B90224002516E053A1304666
:1078F000F8F7CBFC18B9022401250EE06BE051A18A
:107900003046F8F7C2FC08B9022406E04FA1304621
:10791000F8F7BBFC08B90224032500214046FFF715
:1079200065FF81464A462946204600F03DFB00BFE0
:1079300049A13846F8F7A9FC00284BD16A4628A18E
:10794000F8F7B2FC82460A220021F8F7CFFC06467F
:10795000F8F754FF80466A4621A10020F8F7A4FCFE
:1079600082460A220021F8F7C1FC0646F8F746FFD6
:1079700004466A461AA10020F8F796FC82460A22BD
:107980000021F8F7B3FC0646F8F738FF05466A46CB
:1079900013A10020F8F788FC82460A220021F8F79C
:1079A000A5FC0646F8F72AFF81462E492046F8F73F
:1079B0005FFD04462B492846F8F75AFD0546224646
:1079C0000421012000F0F0FA2A460421022000F0F0
:1079D000EBFA00BF00BF00BF14E700009C010020CD
:1079E0002C000000736C696465720000416E676C66
:1079F000654B7000416E676C654B6900416E676C4A
:107A0000654B6400416E676C654F66667365740014
:107A100053706565644B700053706565644B690015
:107A200053706565644B640053706565644F6666AA
:107A3000736574005475726E4B7000005475726EED
:107A40004B6900005475726E4B6400005475726E81
:107A50004F666673657400006A6F79737469636B4F
:107A6000000000000000C8418EB09248FEF7BAFF47
:107A7000FEF7AAFBFEF724FB01F042FD029018E19D
:107A80000AA8FEF7FAFB00287CD0BDF92C00F8F715
:107A9000BEFE06460F46BDF92800F8F7B8FE804640
:107AA00032463B46FEF72AF981F00041824A834B79
:107AB000CDE90001F8F733FE04460022804BF8F7C9
:107AC000BCFD8246F8F710FF7E4908600846006852
:107AD000F8F7DFFE064600227B4BF8F7A8FD0446C8
:107AE000F8F702FF7749086003A90AA8FEF784FBAC
:107AF0000898F8F7CEFE0646744A754BF8F797FDDE
:107B00000446F8F7F1FE08900898F8F7C2FE8046A0
:107B1000704A714BF8F791FD82468B466F480068BA
:107B2000F8F7B7FE064652465B46F8F7DFFC044618
:107B3000F8F7DAFE6A49086008460068F8F7A9FE17
:107B40000646684A684BF8F778FD804689465D48E6
:107B50000068F8F79EFE0646644A654BF8F76DFD2F
:107B6000044642464B46F8F7C1FC8246F8F7BCFE95
:107B70005A49086008460068F8F75AFE041E02DBFE
:107B8000204601E05AE06042322802DD00205949D7
:107B9000087058480078012847D150480068454986
:107BA00048600846FEF727FF4248C06880F000445E
:107BB0002046F8F73DFE00B24F4908804FF0804163
:107BC0004E480068F8F754FC05464B48B0F90000F1
:107BD000F8F714FE06462946F8F7C0FB0446F8F706
:107BE00027FE40B2464908704FF080414348006884
:107BF000F8F73EFC05464048B0F90000F8F7FEFDF6
:107C000006462946F8F7FCFB0446F8F711FE40B299
:107C10003C4908703A4890F90000FEF769FA394883
:107C200090F90000FEF79AFA08E00020FEF760FAEB
:107C30000020FEF793FA1F48FEF7D4FE3248017881
:107C40000078401C304A107004292EDB00201146B9
:107C5000087000F063F82D4801682D480068F8F7B7
:107C60007DFB8046F8F715FE064600224FF0804364
:107C7000F8F755FD0446F8F737FE264948600846F0
:107C8000FEF7B9FE2348C0680A4908601F4801682A
:107C90001F480068F8F7B4FB1F4948600846FEF724
:107CA000AAFE1D48C068154908600F2102A800F00F
:107CB000A3FCE5E69C0000206E861BF0F92109403C
:107CC00000806640500100200000E03F9A99999999
:107CD0009999E93FB81E85EB51B88E3F58010020B5
:107CE00054010020AE47E17A14AEEF3F7B14AE475B
:107CF000E17A843F640100205C01002060010020E3
:107D00005E0100205F010020650100206C01002061
:107D100068010020D8000020140100202DE9F04760
:107D2000FEF7B4F92C2190FBF1FA5046F8F76FFDFD
:107D30000646144A144BF8F7F2FC8046134A144BDB
:107D4000F8F7EDFC0446F8F7CFFD12490860FEF79E
:107D5000A9F940422C2190FBF1FA5046F8F757FD63
:107D60000646084A084BF8F7DAFC0446074A084B6F
:107D7000F8F7D5FC8046F8F7B7FD07490860BDE87D
:107D8000F0870000B81E85EB51B8AE3F043928617A
:107D9000A68D2240680100206C0100202DE9F041F1
:107DA000044694F90100F8F732FD074600220C4B17
:107DB000F8F7B5FC0546F8F797FD0A49086094F90D
:107DC0000200F8F724FD07460022054BF8F7A7FC50
:107DD0000546F8F789FD04490860BDE8F081000018
:107DE00000003940D800002014010020084991F912
:107DF00000100170074991F90010417006490968A7
:107E0000416006490968816005490968C160704799
:107E10005E0100205F010020580100206801002061
:107E20006C0100202DE9F047504951480068F8F7EF
:107E3000EDFA8246F8F7FCFC07B24C494D48006861
:107E4000F8F7E4FA8246F8F7F3FC0FFA80F84749AE
:107E500049480068F8F7DAFA8246F8F7E9FC0FFAC1
:107E600080F9642097FBF0F100FB1176002E01DA17
:107E7000704206B2642098FBF0F100FB1184002CE4
:107E800001DA604204B2642099FBF0F100FB119525
:107E9000002D01DA684205B238A201210846FCF73C
:107EA0003BFC0323364890F9002004210120FCF715
:107EB000F5FB34A209210120FCF72EFC03233248F4
:107EC00090F900200C210120FCF7E8FB2FA20121F2
:107ED0000220FCF721FC642097FBF0FA03235246B2
:107EE00007210220FCF7DAFB2AA20B210220FCF773
:107EF00013FC022332460C211846FCF7A3FB26A2F2
:107F000001210320FCF708FC642098FBF0FA03230E
:107F1000524605211846FCF7C1FB1EA20921032089
:107F2000FCF7FAFB022322460A210320FCF78AFB16
:107F30001BA201210420FCF7EFFB642099FBF0FA5F
:107F40000323524605210420FCF7A8FB11A20921B6
:107F50000420FCF7E1FB02232A460A210420FCF757
:107F600071FBFCF70DFBBDE8F08700000000C84284
:107F700058010020680100206C0100204C533A0099
:107F80005E01002052533A005F010020416E676C91
:107F9000653A00002E0000004C41533A00000000FA
:107FA0005241533A0000000020B1012818D00228A5
:107FB00046D12DE031B1012907D0022908D003298B
:107FC0000CD108E01F4B1A6108E01E4B5A6105E016
:107FD0001C4B9A6102E01B4B9A6300BF00BF2FE06D
:107FE000052913D2DFE801F00306090C0F00164B38
:107FF0001A610BE0144B5A6108E0134B9A6105E0DB
:10800000114B9A6302E0104B1A6000BF00BF17E0EB
:10801000052913D2DFE801F00306090C0F000B4B12
:108020001A610BE0094B5A6108E0084B9A6105E0C0
:10803000064B9A6302E0054B1A6000BF00BF00BF09
:1080400000BF70479C000020D800002014010020D1
:1080500008B5A5E06846FDF745FF00287DD09DF8EE
:10806000000030B1012822D0022836D0032875D173
:1080700058E09DF8010001280FD14A4800780128F6
:1080800001D0012000E000204649087000224FF492
:1080900000514548F9F714FB08E09DF8010002285B
:1080A00004D09DF80100032800D000BF62E09DF8D5
:1080B0000100012807D1FEF793F8012251033A4845
:1080C000F9F7FEFA08E09DF80100022804D09DF8B7
:1080D0000100032800D000BF4CE09DF801000128FA
:1080E00016D1324800780A3040B23049087008464C
:1080F00090F900102EA0FCF77DFF2C4890F90000AD
:10810000FDF7F6FF294890F90000FEF727F808E090
:108110009DF80100022804D09DF80100032800D03A
:1081200000BF27E09DF80100012818D11F48007802
:108130000A3840B21D490870084690F900101CA08A
:10814000FCF758FF194890F90000FDF7D1FF1748D8
:1081500090F90000FEF702F80AE00CE009E09DF853
:108160000100022804D09DF80100032800D000BFC0
:1081700000E000BF00BF10480078401C0E490870A6
:108180000878C11700EB91718910A0EB810121B92A
:10819000002009490870FDF745FF0A2000F0FEF9AC
:1081A00058E7000064010020001001409900002001
:1081B00025640D0A000000009800002008E04FF43C
:1081C00000510448F9F772FA4FF4FA7000F0E6F93A
:1081D000F5E700000010014008B510E04FF0FF3156
:1081E0000748006800F0CAFF03E09DF80000FEF7B2
:1081F0005DFB6846FEF7A2FB0028F6D100BFEDE765
:108200008401002008B501F07BF9009029E0FEF719
:10821000B7F9012817D1134800781349087011489D
:10822000407840B2114908700E48807840B24870DA
:108230000C48C07840B288700A48007940B2C870D3
:108240000846FFF7ABFD08480078012805D108482B
:10825000FFF7CCFD0648FEF7B1FB0A21684600F0A7
:10826000CBF9D4E7602E00207001002071010020BE
:10827000E028002008B501F043F9009005E0FFF781
:10828000D1FD3C21684600F0B7F9F8E701460A69DC
:10829000D1E901309860D1E9010358605068884203
:1082A00001D188685060002008611068401E10608D
:1082B00010687047034B0360034B0B60802313600F
:1082C00070470000280A0020840A0020034B036046
:1082D000034B0B604FF4807313607047840C0020D5
:1082E000E00C002000F1080141604FF0FF31816097
:1082F00000F10801C16001610021016070470021A7
:108300000161704710B502460B685C1C0CB910691E
:1083100007E002F1080000E04068446824689C42DD
:10832000FAD944684C604C68A160886041600A6179
:108330001468641C146010BD42684A6093688B60C6
:10834000936859609160086103685B1C0360704723
:1083500000BF502080F31188BFF34F8FBFF36F8FA2
:1083600000BF0E480068401C0C49086008460068C1
:10837000012812D10A480068C0B208B9012000E003
:10838000002050B900BF502080F31188BFF34F8FF9
:10839000BFF36F8F00BF00BFFEE77047880000206B
:1083A00004ED00E00D48006850B900BF502080F394
:1083B0001188BFF34F8FBFF36F8F00BF00BFFEE781
:1083C00006480068401E054908600846006820B954
:1083D000002080F3118800BF00BF70478800002094
:1083E00070B506463546002E44D0083D2C4622493D
:1083F00060680968084008B1012000E0002050B919
:1084000000BF502080F31188BFF34F8FBFF36F8FF1
:1084100000BF00BFFEE7206808B9012000E000208F
:1084200050B900BF502080F31188BFF34F8FBFF3C6
:108430006F8F00BF00BFFEE70F4960680968084002
:10844000C0B12068B0B90C496068096888436060B1
:1084500000F04EFA09496068096808440749086055
:108460002046FEF76BFE06480068401C0449086081
:1084700001F0DEF970BD00008400002074000020CF
:108480008000002000204FF0E0210861886106484C
:1084900000684FF47A71B0FBF1F0401E4FF0E0211C
:1084A00048610720086170471000002070B5F7F799
:1084B00071FE0446102C16D304F1E02090F8F0531E
:1084C00015480078854201DB012000E0002050B90A
:1084D00000BF502080F31188BFF34F8FBFF36F8F21
:1084E00000BF00BFFEE70D48006800F4E0600C49E3
:1084F0000968884201D8012000E0002050B900BF7F
:10850000502080F31188BFF34F8FBFF36F8F00BFF0
:1085100000BFFEE770BD00008C0000200CED00E005
:1085200090000020024600200BE0084B53F830304A
:1085300033B9064B43F8301003EBC0035A6002E036
:10854000401C0828F1D300BF704700000C04002035
:108550002DE9F04105460E4617462C46FFF7F8FE7A
:1085600094F94400401C10B9002084F8440094F9A8
:108570004500401C10B9002084F84500FFF712FFA9
:10858000A06B28B93A46314604F1240000F0CCF83B
:108590002046FFF724F8BDE8F081000070B50446DE
:1085A0000025D4B11248006808B9012000E000207D
:1085B00050B900BF502080F31188BFF34F8FBFF335
:1085C0006F8F00BF00BFFEE700F092F90021204648
:1085D000FEF728FB01F02CF905463DB94FF080501D
:1085E00004490860BFF34F8FBFF36F8F70BD000069
:1085F0004C00002004ED00E02DE9F04704460F4652
:108600004FF0000954B900BF502080F31188BFF328
:108610004F8FBFF36F8F00BF00BFFEE70FB1012088
:1086200000E0002050B900BF502080F31188BFF354
:108630004F8FBFF36F8F00BF00BFFEE72048006879
:1086400008B9012000E0002050B900BF502080F39D
:108650001188BFF34F8FBFF36F8F00BF00BFFEE7DE
:1086600000F046F9174806682068C5192068B0422E
:1086700007D92068A8420BD9B54209D94FF00109A2
:1086800006E02068A84201D8B54201D94FF001099F
:108690002560B9F1000F03D0A81B0021FEF7C2FA34
:1086A00001F0C6F88046B8F1000F07D14FF08050B6
:1086B00005490860BFF34F8FBFF36F8FBDE8F087A8
:1086C0004C0000202800002004ED00E00349096868
:1086D0000160034909684160704700003C000020C8
:1086E0002800002001200149086070473800002060
:1086F00070B504460D4654B900BF502080F3118870
:10870000BFF34F8FBFF36F8F00BF00BFFEE7054879
:10871000016818312046FFF7F5FD01212846FEF7D4
:1087200081FA70BD1400002070B505460E4614464F
:1087300055B900BF502080F31188BFF34F8FBFF3AE
:108740006F8F00BF00BFFEE706480168183128465A
:10875000FFF7F2FD0CB14FF0FF3621463046FEF731
:1087600061FA70BD140000202DE9F04706460F465F
:1087700034464FF00109002E55D0206D50B900BF8E
:10878000502080F31188BFF34F8FBFF36F8F00BF6E
:1087900000BFFEE7E06CB84201D23D4600E0E56C68
:1087A000E06AA8423FD0206D01283CD11F480068F4
:1087B000844201D0012000E0002050B900BF5020C9
:1087C00080F31188BFF34F8FBFF36F8F00BF00BFDF
:1087D000FEE7D4F82C80E562A06900F0004010B9F3
:1087E000C5F13800A06108EB8801114A02EB810154
:1087F0006069884201D1012000E0002098B1201D6D
:10880000FFF744FD0B49E06A0968884202D909492B
:10881000E06A0860E16A01EB8101054A02EB810030
:10882000211DFFF789FDBDE8F0870000140000203E
:108830004C0400202C00002010B586B000200590CC
:10884000049003AA04A905A8FFF734FD0022DDE97E
:1088500004101346CDE9002102901EA11F48039A7F
:1088600000F0E0FD1E4908600846006808B10124D8
:1088700000E00024012C02D101F05CF80446012C38
:1088800015D100BF502080F31188BFF34F8FBFF385
:108890006F8F00BF4FF0FF3012490860012012496E
:1088A000086000201149086000F072F810E0601CB8
:1088B00008B1012000E0002050B900BF502080F333
:1088C0001188BFF34F8FBFF36F8F00BF00BFFEE76C
:1088D00006B010BD49444C4500000000C56F0008BB
:1088E0004800002044000020300000202800002024
:1088F00002480068401C0149086070474C00002095
:108900001E48006818B101201D49086034E00020AD
:108910001B4908601B4801680CE051B900BF50209A
:1089200080F31188BFF34F8FBFF36F8F00BF00BF7D
:10893000FEE7491E01EB8100134A52F8200008B9F6
:10894000012000E000200028E7D101EB81020E4B5E
:1089500003EB820042685268426000F108024368FB
:10896000934202D14268526842604268D268074B23
:108970001A600448016000BF704700004C000020EE
:10898000380000202C0000204C040020140000209F
:108990001CB53849084600780190FF200A4610703F
:1089A0000846007800909DF8000000F0F0009DF867
:1089B0000020904201D1012000E0002050B900BF0A
:1089C000502080F31188BFF34F8FBFF36F8F00BF2C
:1089D00000BFFEE79DF8000000F05000264A10702E
:1089E0000720264A106009E024480068401E234AF8
:1089F00010609DF800004006000E00909DF80000F9
:108A000000F080008028EFD01C480068C0F107000B
:108A1000042801D1012000E0002050B900BF5020FF
:108A200080F31188BFF34F8FBFF36F8F00BF00BF7C
:108A3000FEE7124800680002104A106010460088E5
:108A400000F4E06010600B4A019810700C48006858
:108A500040F470000A4908600846006840F0704021
:108A60000860FFF70FFD002006490860F7F75CFB80
:108A700000201CBD00E400E08C00002090000020DD
:108A800020ED00E08800002010B500BF502080F3EA
:108A90001188BFF34F8FBFF36F8F00BF00F036FD1B
:108AA00018B14FF080500449086000BF002080F3E7
:108AB000118800BF10BD000004ED00E02DE9F8436F
:108AC00005460E4617460DB1012000E0002050B9C2
:108AD00000BF502080F31188BFF34F8FBFF36F8F1B
:108AE00000BF00BFFEE705FB06F808F15000FEF7E7
:108AF000B5FD044664B1A14609F15009002084F88F
:108B000046003B464A46314628460094FEF76EFA38
:108B10002046BDE8F8832DE9F84380460E46174607
:108B20001D46DDF82090B8F1000F01D0012000E0D3
:108B3000002050B900BF502080F31188BFF34F8F41
:108B4000BFF36F8F00BF00BFFEE70DB1012000E053
:108B5000002050B900BF502080F31188BFF34F8F21
:108B6000BFF36F8F00BF00BFFEE707B10EB101205A
:108B700000E0002050B900BF502080F31188BFF3FF
:108B80004F8FBFF36F8F00BF00BFFEE707B90EB96D
:108B9000012000E0002050B900BF502080F3118870
:108BA000BFF34F8FBFF36F8F00BF00BFFEE75020B2
:108BB00000900098502801D1012000E0002050B919
:108BC00000BF502080F31188BFF34F8FBFF36F8F2A
:108BD00000BF00BFFEE700BF2C464CB1012084F867
:108BE00046004B463A46314640460094FEF7FEF9B1
:108BF0002046BDE8F883000070B505460E462C46B9
:108C000054B900BF502080F31188BFF34F8FBFF3DA
:108C10006F8F00BF00BFFEE7FFF79AFBD4E90F128A
:108C2000206801FB0200A0600020A0632068606053
:108C3000E06B401E226C216800FB0211E160FF2006
:108C400084F8440084F845009EB9206908B90120E1
:108C500000E00020A8B904F1100000F09DFD80B1F3
:108C60004FF0805009490860BFF34F8FBFF36F8FFB
:108C700007E004F11000FFF735FB04F12400FFF7D3
:108C800031FBFFF78FFB012070BD000004ED00E019
:108C90002DE9FF4383B0064688461D464FF0000984
:108CA000344654B900BF502080F31188BFF34F8F72
:108CB000BFF36F8F00BF00BFFEE7B8F1000F01D117
:108CC000206C08B9012000E0002050B900BF5020FE
:108CD00080F31188BFF34F8FBFF36F8F00BF00BFCA
:108CE000FEE7022D02D1E06B012801D1012000E056
:108CF000002050B900BF502080F31188BFF34F8F80
:108D0000BFF36F8F00BF00BFFEE700F0E9FB08B9BB
:108D1000059808B9012000E0002050B900BF50209C
:108D200080F31188BFF34F8FBFF36F8F00BF00BF79
:108D3000FEE700BFFFF70CFBA06BE16B884201D39D
:108D4000022D28D12A4641462046FEF778F80746EC
:108D5000606A08B9012000E0002068B904F124002D
:108D600000F01AFD88B14FF0805032490860BFF31F
:108D70004F8FBFF36F8F08E03FB14FF080502D4908
:108D80000860BFF34F8FBFF36F8FFFF70BFB01201E
:108D900007B0BDE8F083059818B9FFF703FB002082
:108DA000F6E7B9F1000F04D101A8FFF78FFC4FF0EF
:108DB0000109FFF7F7FAFFF79BFDFFF7C9FA94F9EE
:108DC0004400401C10B9002084F8440094F9450088
:108DD000401C10B9002084F84500FFF7E3FA05A90C
:108DE00001A800F0A7FAF0B92046FEF714FAA0B1E6
:108DF00004F110000599FFF77BFC2046FEF7EFFB1E
:108E000000F016FD002895D14FF080500949086008
:108E1000BFF34F8FBFF36F8F8CE72046FEF7DFFB6A
:108E200000F006FD86E72046FEF7D9FB00F000FDC6
:108E30000020ADE704ED00E02DE9F84F07468A4633
:108E400090461E463C4654B900BF502080F311881E
:108E5000BFF34F8FBFF36F8F00BF00BFFEE7BAF1C4
:108E6000000F01D1206C08B9012000E0002050B9AA
:108E700000BF502080F31188BFF34F8FBFF36F8F77
:108E800000BF00BFFEE7022E02D1E06B012801D136
:108E9000012000E0002050B900BF502080F311886D
:108EA000BFF34F8FBFF36F8F00BF00BFFEE7FFF729
:108EB000FDFA00BF5021EFF3118081F31188BFF359
:108EC0004F8FBFF36F8F00BF0546A06BE16B8842E9
:108ED00001D3022E25D194F945B0A06B0090324603
:108EE00051462046FDF7ABFF0BF1010088B9606ADF
:108EF00008B9012000E0002050B904F1240000F07E
:108F00004BFC28B1B8F1000F02D00120C8F80000D6
:108F100004E00BF1010040B284F845004FF0010974
:108F200001E04FF0000900BF85F3118800BF4846FB
:108F3000BDE8F88F2DE9F04706460F46344654B990
:108F400000BF502080F31188BFF34F8FBFF36F8FA6
:108F500000BF00BFFEE7206C08B9012000E0002040
:108F600050B900BF502080F31188BFF34F8FBFF37B
:108F70006F8F00BF00BFFEE7206808B9A06808B97E
:108F8000012000E0002050B900BF502080F311887C
:108F9000BFF34F8FBFF36F8F00BF00BFFEE7FFF738
:108FA00085FA00BF5021EFF3118081F31188BFF3E0
:108FB0004F8FBFF36F8F00BF0546D4F83890E06B3A
:108FC00048451ED994F945A009F10100A0630AF1B2
:108FD000010070B9606A08B9012000E0002068B99A
:108FE00004F1240000F0D8FB40B13FB1012038600B
:108FF00004E00AF1010040B284F845004FF0010896
:1090000001E04FF0000800BF85F3118800BF404623
:10901000BDE8F0872DE9F74183B005460E464FF0D5
:1090200000082C4654B900BF502080F31188BFF3CC
:109030004F8FBFF36F8F00BF00BFFEE70EB9206CEC
:1090400008B9012000E0002050B900BF502080F393
:109050001188BFF34F8FBFF36F8F00BF00BFFEE7D4
:1090600000F03EFA08B9059808B9012000E0002098
:1090700050B900BF502080F31188BFF34F8FBFF36A
:109080006F8F00BF00BFFEE700BFFFF761F9A76B5E
:10909000F7B131462046FDF7BDFE781EA06320697A
:1090A00008B9012000E0002060B904F1100000F0D0
:1090B00073FB38B14FF080502F490860BFF34F8FDA
:1090C000BFF36F8FFFF76EF9012006B0BDE8F081A6
:1090D000059818B9FFF766F90020F6E7B8F1000F18
:1090E00004D101A8FFF7F2FA4FF00108FFF75AF98F
:1090F000FFF7FEFBFFF72CF994F94400401C10B970
:10910000002084F8440094F94500401C10B9002068
:1091100084F84500FFF746F905A901A800F00AF90F
:10912000F0B92046FEF76AF8A0B104F124000599D1
:10913000FFF7DEFA2046FEF752FA00F079FB00282E
:10914000A3D14FF080500C490860BFF34F8FBFF39D
:109150006F8F9AE72046FEF742FA00F069FB94E72A
:109160002046FEF73CFA00F063FB2046FEF746F887
:1091700000288AD00020A8E704ED00E02DE9F341A3
:1091800082B005464FF000082C46002654B900BFB7
:10919000502080F31188BFF34F8FBFF36F8F00BF54
:1091A00000BFFEE7206C08B9012000E0002050B9A4
:1091B00000BF502080F31188BFF34F8FBFF36F8F34
:1091C00000BF00BFFEE700F08BF908B9039808B9AB
:1091D000012000E0002050B900BF502080F311882A
:1091E000BFF34F8FBFF36F8F00BF00BFFEE700BF1D
:1091F000FFF7AEF8A76BFFB1781EA063206810B927
:10920000FEF7D2FAA060206908B9012000E0002032
:1092100060B904F1100000F0BFFA38B14FF080508F
:1092200043490860BFF34F8FBFF36F8FFFF7BAF862
:10923000012004B0BDE8F081039898B90EB901206F
:1092400000E0002050B900BF502080F31188BFF328
:109250004F8FBFF36F8F00BF00BFFEE7FFF7A2F88D
:109260000020E6E7B8F1000F04D16846FFF72EFAB8
:109270004FF00108FFF796F8FFF73AFBFFF768F8A1
:1092800094F94400401C10B9002084F8440094F97B
:109290004500401C10B9002084F84500FFF782F813
:1092A00003A9684600F046F840BB2046FDF7A6FF3C
:1092B000F0B1206838B9FFF74BF8A06800F01AFA4F
:1092C0000646FFF76FF804F124000399FFF710FA40
:1092D0002046FEF784F900F0ABFA002888D14FF061
:1092E000805013490860BFF34F8FBFF36F8F7FE744
:1092F0002046FEF774F900F09BFA79E72046FEF766
:109300006EF900F095FA2046FDF778FF0028EED0C0
:109310005EB1FFF71DF82046FDF7F8FD0746394618
:10932000A068FFF721FAFFF73DF8002081E7000071
:1093300004ED00E070B505460C4655B900BF50205D
:1093400080F31188BFF34F8FBFF36F8F00BF00BF53
:10935000FEE754B900BF502080F31188BFF34F8F50
:10936000BFF36F8F00BF00BFFEE7FEF7F1FF1248AB
:1093700002686868131A2068401C08B9002617E0C4
:109380000E4928680968884204D06868904201D86C
:1093900001260DE02068984207D92068C01A206095
:1093A0002846FFF793F9002602E0002020600126FE
:1093B000FEF7F8FF304670BD280000203C0000207A
:1093C0002DE9FF4F85B0804689461746DDE912AB8F
:1093D000B800FEF743F9064656B15C20FEF73EF9A9
:1093E00004460CB1266304E03046FEF7F9FF00E0C6
:1093F00000248CB1002084F85900CDE900ABCDE900
:1094000002403A4649464046089BFDF704FE204686
:10941000FDF746FC012501E04FF0FF35284609B075
:10942000BDE8F08F2DE9F04F85B00746884691469C
:109430009A46DDE90EB6109C0EB1012000E0002036
:1094400050B900BF502080F31188BFF34F8FBFF396
:109450006F8F00BF00BFFEE70CB1012000E00020CD
:1094600050B900BF502080F31188BFF34F8FBFF376
:109470006F8F00BF00BFFEE75C20039003985C285D
:1094800001D1012000E0002050B900BF502080F33E
:109490001188BFF34F8FBFF36F8F00BF00BFFEE790
:1094A00000BFB4B1AEB125462C462E63022085F82C
:1094B0005900002004A953464A46CDE900B1CDE940
:1094C000025041463846FDF7A6FD2846FDF7E8FB69
:1094D00001E000200490049805B0BDE8F08F000082
:1094E0000549096809B9012005E00449096809B975
:1094F000022000E000207047300000204C000020D7
:109500000149086870470000280000202DE9F0415B
:109510004FF000084348006800287BD142480068AB
:10952000451C4148056015BB40480068006808B903
:10953000012000E0002050B900BF502080F31188C6
:10954000BFF34F8FBFF36F8F00BF00BFFEE73748F9
:10955000076837480068354908603548076035486E
:109560000068401C33490860FDF78AFF00BF32489D
:10957000006885423BD300BF2C480068006808B9EA
:10958000012000E0002020B14FF0FF302A490860A0
:109590002CE026480068C068C4686668B54202D2FC
:1095A0002548066022E0201DFEF770FEA06A18B173
:1095B00004F11800FEF76AFE2049E06A0968884253
:1095C00002D91E49E06A0860E16A01EB81011C4A88
:1095D00002EB8100211DFEF7AFFE1A49E06A09681F
:1095E000C96A8842C8D34FF00108C5E700BF1548D3
:1095F0000068C06A00EB8000114951F82000012882
:1096000001D94FF001081048006808B14FF0010877
:1096100005E0FFE70D480068401C0C490860404623
:10962000BDE8F0814C000020280000201800002038
:109630001C0000203C000020440000202C000020E2
:109640004C040020140000203800002034000020CA
:1096500070B505462C460026002D43D022480068F0
:10966000844201D1012000E0002050B900BF502009
:1096700080F31188BFF34F8FBFF36F8F00BF00BF20
:10968000FEE7206D50B900BF502080F31188BFF372
:109690004F8FBFF36F8F00BF00BFFEE7206D401EEE
:1096A0002065E16CE06A88421CD0206DD0B9201D95
:1096B000FEF7ECFDE06CE062E06AC0F13800A0610A
:1096C0000A49E06A0968884202D90849E06A0860E4
:1096D000E16A01EB8101064A02EB8100211DFEF7E0
:1096E0002BFE0126304670BD140000202C00002007
:1096F0004C04002070B505462C460026002D42D0B3
:109700002249E06A0968C96A884235D2A06900F036
:10971000004028B91D480068C06AC0F13800A06147
:10972000E16A01EB81011A4A02EB8101606988421A
:1097300001D1012000E00020C0B1201DFEF7A6FDF0
:1097400012480068C06AE0621249E06A096888420B
:1097500002D91049E06A0860E16A01EB81010C4A14
:1097600002EB8100211DFEF7E7FD03E007480068DA
:10977000C06AE062012606E00449E06C0968C96A33
:10978000884200D20126304670BD0000140000203F
:109790004C0400202C00002070B50646F068C46818
:1097A00054B900BF502080F31188BFF34F8FBFF32F
:1097B0006F8F00BF00BFFEE704F11800FEF766FDE3
:1097C00015480068A0B9201DFEF760FD1349E06A46
:1097D0000968884202D91149E06A0860E16A01EB30
:1097E00081010F4A02EB8100211DFEF7A5FD04E077
:1097F00004F118010B48FEF79FFD0B49E06A096868
:10980000C96A884204D9012501200849086000E09E
:109810000025284670BD00004C0000202C000020D0
:109820004C040020D4080020140000203800002040
:1098300070B5002400263648006850B900BF50209B
:1098400080F31188BFF34F8FBFF36F8F00BF00BF4E
:10985000FEE7FEF77DFD2E480068401E2C4908609B
:109860000846006800284ED12A48006800284AD0DF
:1098700023E02948C068C46804F11800FEF706FD1B
:10988000201DFEF703FD2549E06A0968884202D9D8
:109890002249E06A0860E16A01EB8101204A02EB9B
:1098A0008100211DFEF748FD1E49E06A0968C96A6A
:1098B000884202D301201C4908601748006808B993
:1098C000012000E000200028D3D00CB1FDF7D8FD26
:1098D0001648056865B100BFFFF718FE10B10120FA
:1098E000114908606D1E002DF6D100200F49086057
:1098F0000D48006838B1012630070D490860BFF3F4
:109900004F8FBFF36F8FFEF74DFD304670BD0000E7
:109910004C00002024000020D40800202C0000204F
:109920004C040020140000203800002034000020E7
:1099300004ED00E010B586B00024FDF70DFA1648DE
:109940000068D0B100200590049003AA04A905A8DE
:10995000FEF7BCFC0222DDE904100023CDE9002162
:1099600002900EA10F48039AFFF75CFD0E490860B4
:109970000846006800B1012400BF54B900BF502060
:1099800080F31188BFF34F8FBFF36F8F00BF00BF0D
:10999000FEE7204606B010BD58000020546D72202E
:1099A00053766300C57500085C0000202DE9FF4771
:1099B00004460D4616461F46DDF830804FF000097C
:1099C00054B900BF502080F31188BFF34F8FBFF30D
:1099D0006F8F00BF00BFFEE71448006810B300950A
:1099E00001960294062D15DAFFF77AFD022808D1B8
:1099F0000023424669460D480068FFF749F9814651
:109A000010E000231A46694608480068FFF740F94D
:109A1000814607E000233A46694604480068FFF79C
:109A20000BFA8146484604B0BDE8F0875800002094
:109A300028A3000800000000000000000000000053
:109A400000000000000200001800000000000000FC
:109A50000000000002030405060708090A0B0C0DAC
:109A60000E0F1010010200000000000000000102B3
:109A700003040607080900000000010203040000B7
:109A8000000C014002000000000C01400100000138
:109A900000080140200000020008014010000003FF
:109AA00000000000000000000000000000000000B6
:109AB000000000F80000000000000033300000004B
:109AC00000100C06100C0600000000000000000052
:109AD00040C07840C0784000043F04043F040400C4
:109AE000007088FC08300000001820FF211E0000D4
:109AF000F008F000E018000000211C031E211E00E9
:109B000000F00888700000001E212324192721106E
:109B100010160E0000000000000000000000000011
:109B2000000000E0180402000000000718204000B8
:109B300000020418E00000000040201807000000A8
:109B4000404080F0804040000202010F010202000C
:109B5000000000F0000000000101011F01010100F0
:109B6000000000000000000080B070000000000055
:109B700000000000000000000001010101010101DE
:109B80000000000000000000003030000000000075
:109B9000000000008060180400601806010000004A
:109BA00000E010080810E000000F102020100F0047
:109BB000001010F8000000000020203F20200000CE
:109BC0000070080808887000003028242221300026
:109BD00000300888884830000018202020110E002E
:109BE0000000C02010F8000000070424243F2400D7
:109BF00000F80888880808000019212020110E00AC
:109C000000E0108888180000000F112020110E00BD
:109C100000380808C83808000000003F00000000B5
:109C20000070880808887000001C222121221C0076
:109C300000E010080810E0000000312222110F009F
:109C4000000000C0C0000000000000303000000034
:109C500000000080000000000000806000000000A4
:109C600000008040201008000001020408102000BD
:109C70004040404040404000040404040404040008
:109C8000000810204080000000201008040201009D
:109C9000007048080808F00000000030360100009D
:109CA000C030C828E810E0000718272423140B0050
:109CB0000000C038E0000000203C230202273820CA
:109CC00008F8888888700000203F202020110E00AE
:109CD000C0300808080838000718202020100800A5
:109CE00008F808080810E000203F202020100F008E
:109CF00008F88888E8081000203F2020232018005A
:109D000008F88888E8081000203F200003000000C1
:109D1000C03008080838000007182020221E020062
:109D200008F808000008F808203F210101213F2021
:109D3000000808F8080800000020203F202000004C
:109D400000000808F8080800C08080807F0000003C
:109D500008F888C028180800203F20012638200075
:109D600008F8080000000000203F202020203000DC
:109D700008F8F800F8F80800203F003F003F2000F6
:109D800008F830C00008F808203F200007183F00FE
:109D9000E01008080810E0000F10202020100F002D
:109DA00008F808080808F000203F21010101000020
:109DB000E01008080810E0000F18242438504F0065
:109DC00008F8888888887000203F2000030C302025
:109DD00000708808080838000038202121221C0063
:109DE000180808F8080818000000203F20000000AC
:109DF00008F808000008F808001F202020201F0095
:109E00000878880000C83808000007380E010000F4
:109E1000F80800F80008F800033C0700073C0300BE
:109E2000081868808068180820302C03032C302024
:109E30000838C800C83808000000203F2000000093
:109E400010080808C83808002038262120201800EB
:109E5000000000FE020202000000007F40404000BF
:109E6000000C30C000000000000000010638C000F7
:109E700000020202FE000000004040407F0000009F
:109E800000000402020204000000000000000000C4
:109E900000000000000000008080808080808080C2
:109EA00000020204000000000000000000000000AA
:109EB00000008080808000000019242222223F20A0
:109EC00008F8008080000000003F112020110E00E3
:109ED0000000008080800000000E11202020110072
:109EE000000000808088F800000E112020103F2024
:109EF0000000808080800000001F222222221300A8
:109F0000008080F0888888180020203F20200000F2
:109F10000000808080808000006B949494936000A7
:109F200008F8008080800000203F210000203F20B2
:109F300000809898000000000020203F20200000B2
:109F4000000000809898000000C08080807F0000A2
:109F500008F8000080808000203F24022D3020007F
:109F6000000808F8000000000020203F202000002A
:109F70008080808080808000203F20003F20003F44
:109F80008080008080800000203F210000203F2052
:109F90000000808080800000001F202020201F0003
:109FA000808000808000000080FFA12020110E0032
:109FB0000000008080808000000E112020A0FF8023
:109FC000808080008080800020203F2120000100D0
:109FD0000000808080808000003324242424190025
:109FE000008080E0808000000000001F2020000032
:109FF0008080000000808000001F202020103F2073
:10A00000808080000080808000010E300806010002
:10A0100080800080008080800F300C030C300F00A7
:10A0200000808000808080000020312E0E312000D2
:10A03000808080000080808080818E701806010002
:10A0400000808080808080000021302C2221300020
:10A0500000000000807C020200000000003F404041
:10A0600000000000FF00000000000000FF000000F2
:10A070000002027C800000000040403F0000000021
:10A0800000060101020204040000000000000000BC
:10A09000E4BDA0001060028C0000FE828282FE00FF
:10A0A0000000000004047E0140407F4040407F40AB
:10A0B00040404000E5A5BD000000F888888888FF82
:10A0C00088888888F800000000000F080808087FCA
:10A0D000888888880F000000E4B896000000FC24FF
:10A0E0002424FC242424FC24242404004040474449
:10A0F000444447444444474444444000E7958C006A
:10A100000000FE929292FE929292FE929292020031
:10A1100040300F000000FF0000000F3040404000C2
:10A12000E6B8A900000000FC2424FC252624FC2419
:10A1300024FC00000000000F09090F0909090F099C
:10A14000090F0000E5BAA600000000F8888888FF23
:10A1500088888888F80000000000000F0808087F41
:10A16000888888880F000000E6B9BF00000000FC66
:10A170002424FC242424FC2424FC00000000000FE0
:10A1800009090F0909090F09090F0000E794B50033
:10A190000000F8888888FF888888F80000000000A0
:10A1A00000000F0808080F0808080F000000000052
:10A1B000E58E8B00000000FE020202020202020293
:10A1C0000202FE000000000F00000000000000007E
:10A1D00000000F00E6B58100000000FC2424FC25EF
:10A1E0002624FC2424FC00000000000F09090F09AC
:10A1F00009090F09090F00000A0000000000000013
:10A200004FBB610567ACDD3F182D4454FB21E93F8E
:10A210009BF681D20B73EF3F182D4454FB21F93F7D
:10A22000E2652F227F2B7A3C075C143326A6813C03
:10A23000BDCBF07A8807703C075C143326A6913CAE
:10A24000C4EB98999999C9BF711623FEC671BCBF1A
:10A250006D9A74AFF2B0B3BF9AFDDE522DDEADBF82
:10A260002F6C6A2C44B4A2BF0D5555555555D53F9A
:10A27000FF8300922449C23F6E204CC5CD45B73FB5
:10A28000513DD0A0660DB13FEB0D76244B7BA93F2D
:10A2900011DA22E33AAD903F000000000000000018
:10A2A00000404040404040404040414141414140E9
:10A2B000404040404040404040404040404040409E
:10A2C000400502020202020202020202020202022D
:10A2D0000220202020202020202020020202020232
:10A2E000020290909090909010101010101010108A
:10A2F0001010101010101010101010100202020296
:10A3000002028888888888880808080808080808D9
:10A3100008080808080808080808080802020202D5
:10A3200040000000A1A2000864656661756C745469
:10A3300061736B0054A3000800000020B00100000E
:10A34000AC100008BCA30008B00100207831000068
:10A350002452000881321042010375127A1AAA01B0
:10A3600001222780409A99193EE3A0401BC843046C
:10A370001AC3041A42042AC2280110000912CDCCC3
:10A380008C3FCDCC4C3D69341BA041040A16C178EA
:10A3900021FA405489341A48441A4844012A137C4B
:10A3A000031220124479541304023F201122334433
:0CA3B0005505211BB00120011300000026
:04000005080000ED02
:00000001FF
